date,precipitation,temp_mean,temp_highest,temp_lowest,PM10,PM2.5,humidity,sunshine_sum,sunshine_rate,wind_mean,wind_max,rental
2018-01-01,,-1.3,3.8,-5.1,34.0,17.0,39.1,8.3,86.5,1.4,3.8,4950
2018-01-02,,-1.8,1.8,-4.3,36.0,22.0,42.0,7.9,82.3,1.8,4.9,7136
2018-01-03,,-4.7,-0.4,-7.1,31.0,19.0,42.3,8.6,88.7,2.2,3.5,7156
2018-01-04,,-4.7,-0.7,-8.7,39.0,24.0,43.0,6.2,63.9,1.4,3.5,7102
2018-01-05,,-3.0,1.6,-5.6,51.0,35.0,48.4,8.2,84.5,1.7,3.6,7705
2018-01-06,,-2.8,2.9,-6.8,38.0,27.0,45.8,8.8,90.7,1.5,3.1,5681
2018-01-07,,-0.8,2.8,-5.7,47.0,36.0,42.1,3.1,32.0,0.8,2.5,5220
2018-01-08,0.9,1.3,4.0,-1.2,49.0,37.0,51.9,0.5,5.2,1.8,7.1,6309
2018-01-09,0.5,-4.2,-1.2,-6.1,37.0,19.0,59.4,8.4,86.6,2.9,6.1,5988
2018-01-10,0.3,-7.5,-4.8,-10.3,27.0,13.0,52.0,8.8,89.8,3.0,6.1,4476
2018-01-11,,-11.1,-7.4,-13.6,30.0,22.0,49.8,8.7,88.8,2.8,4.9,4337
2018-01-12,0.0,-10.2,-5.4,-15.3,21.0,14.0,35.4,8.8,89.8,1.7,3.6,4401
2018-01-13,0.4,-4.4,-1.2,-6.6,48.0,37.0,67.3,0.9,9.2,0.8,1.7,3756
2018-01-14,,0.6,5.4,-4.4,64.0,50.0,64.1,5.6,57.1,1.2,2.8,4675
2018-01-15,0.2,4.7,7.7,1.8,63.0,45.0,63.9,6.5,65.7,1.4,3.3,6993
2018-01-16,0.0,3.5,6.8,0.1,97.0,74.0,59.1,0.5,5.1,0.7,2.2,7421
2018-01-17,,4.5,8.7,2.4,99.0,78.0,64.1,4.8,48.5,1.2,3.7,6990
2018-01-18,0.0,2.1,4.5,0.3,80.0,56.0,59.6,,0.0,1.9,3.8,7054
2018-01-19,,1.0,5.5,-2.5,51.0,28.0,43.0,8.7,87.9,1.6,3.7,8329
2018-01-20,,2.2,6.9,-1.0,86.0,56.0,57.6,5.3,53.0,1.6,3.6,6148
2018-01-21,,0.4,5.5,-3.7,52.0,33.0,36.6,8.2,82.0,1.0,3.2,5574
2018-01-22,3.3,0.2,4.0,-5.3,38.0,21.0,56.5,0.7,7.0,1.5,5.1,4929
2018-01-23,,-11.7,-5.3,-14.6,21.0,12.0,42.0,9.1,90.1,3.7,5.4,4263
2018-01-24,,-14.2,-10.7,-16.3,26.0,10.0,31.6,8.9,88.1,3.4,7.2,3370
2018-01-25,,-14.0,-9.5,-16.4,22.0,12.0,32.6,8.3,82.2,2.8,4.8,3307
2018-01-26,,-14.8,-10.7,-17.8,28.0,18.0,34.9,,0.0,2.6,4.6,3116
2018-01-27,,-9.9,-3.5,-15.9,37.0,26.0,37.4,9.0,88.2,1.4,3.4,2833
2018-01-28,,-6.3,-1.2,-9.3,26.0,17.0,36.0,7.6,74.5,2.6,5.6,3028
2018-01-29,,-8.5,-4.7,-11.6,39.0,16.0,35.0,8.9,87.3,2.7,6.2,4425
2018-01-30,2.9,-5.3,-0.8,-11.4,36.0,20.0,62.0,5.6,54.4,1.3,3.8,3591
2018-01-31,0.0,-2.6,0.0,-5.2,35.0,18.0,54.5,1.8,17.5,1.6,3.4,4104
2018-02-01,,-4.0,1.2,-8.8,34.0,21.0,44.1,9.1,88.3,1.6,3.9,5821
2018-02-02,,-2.4,3.8,-7.6,48.0,32.0,51.1,8.8,84.6,1.6,3.6,6557
2018-02-03,0.5,-7.3,-2.1,-10.4,31.0,19.0,47.0,9.1,87.5,3.8,5.7,3499
2018-02-04,,-9.5,-5.2,-12.8,27.0,20.0,40.9,9.1,87.5,3.1,5.6,2642
2018-02-05,,-9.4,-5.1,-11.8,23.0,14.0,37.8,9.3,88.6,3.0,5.6,4213
2018-02-06,,-10.1,-5.8,-12.8,27.0,17.0,36.5,9.0,85.7,3.1,4.9,4257
2018-02-07,,-8.0,-1.6,-13.4,34.0,23.0,39.8,9.2,87.6,1.5,3.3,5028
2018-02-08,,-4.4,2.0,-9.7,45.0,32.0,43.3,9.2,86.8,1.2,3.0,6114
2018-02-09,,0.4,6.1,-5.3,63.0,48.0,43.9,2.2,20.8,1.1,3.0,6905
2018-02-10,,-0.5,3.2,-6.9,66.0,39.0,47.4,5.3,50.0,3.0,6.3,4829
2018-02-11,0.0,-6.1,-2.2,-9.5,44.0,13.0,42.5,6.6,61.7,2.7,5.1,3047
2018-02-12,0.0,-5.8,-1.8,-9.6,41.0,13.0,40.8,8.7,81.3,2.7,5.2,5231
2018-02-13,,-0.8,4.3,-7.4,43.0,14.0,54.5,8.3,76.9,2.7,5.6,6863
2018-02-14,,3.5,8.7,-0.7,59.0,27.0,51.0,3.3,30.6,2.6,5.4,7477
2018-02-15,,-0.7,4.0,-3.7,32.0,14.0,28.0,,0.0,2.5,4.4,3935
2018-02-16,,-1.1,4.9,-5.5,41.0,16.0,40.1,9.7,89.0,2.1,5.5,3047
2018-02-17,,-3.0,1.4,-7.1,,,25.6,9.0,82.6,2.9,5.5,3494
2018-02-18,,-0.4,5.2,-4.9,30.0,14.0,26.9,7.2,66.1,1.3,3.5,5191
2018-02-19,,1.8,6.8,-1.9,51.0,33.0,48.6,4.8,43.6,1.5,3.0,8563
2018-02-20,,0.9,5.5,-2.4,51.0,32.0,41.0,8.3,75.5,2.5,5.8,8899
2018-02-21,,-0.9,4.4,-4.5,32.0,17.0,31.5,9.8,89.1,2.3,5.2,8342
2018-02-22,0.4,1.3,5.4,-3.9,42.0,25.0,59.0,6.4,57.7,2.2,5.2,8580
2018-02-23,3.7,4.2,8.6,-0.3,79.0,55.0,81.1,4.8,43.2,1.9,5.0,6408
2018-02-24,,2.4,7.2,-1.1,68.0,47.0,49.4,7.6,67.9,2.1,3.9,7198
2018-02-25,,1.9,7.9,-1.6,36.0,25.0,40.6,9.2,82.1,1.7,3.8,7595
2018-02-26,,3.1,10.4,-3.2,55.0,36.0,43.1,10.2,91.1,1.4,3.6,10712
2018-02-27,,4.2,6.9,0.6,82.0,55.0,48.8,0.0,0.0,0.9,1.8,10064
2018-02-28,25.0,4.6,7.8,1.8,67.0,43.0,73.3,0.0,0.0,2.0,3.7,4230
2018-03-01,0.5,-0.2,3.0,-4.3,35.0,26.0,61.9,8.7,76.3,3.8,6.9,5761
2018-03-02,,-0.7,5.4,-6.7,58.0,24.0,34.0,10.3,90.4,1.5,3.3,9388
2018-03-03,0.0,7.9,16.2,-0.1,52.0,26.0,38.1,10.1,88.6,1.5,3.9,16029
2018-03-04,11.5,9.8,11.9,7.6,28.0,19.0,89.1,0.0,0.0,1.2,3.5,5373
2018-03-05,3.5,5.5,11.4,1.3,8.0,5.0,67.5,7.0,60.9,2.0,3.5,9943
2018-03-06,,4.5,10.9,-1.1,26.0,15.0,46.8,10.6,91.4,1.6,3.7,14028
2018-03-07,0.5,6.4,10.7,2.2,25.0,14.0,54.0,3.0,25.9,1.8,3.2,12925
2018-03-08,4.0,4.6,9.7,2.7,29.0,23.0,76.0,5.1,44.0,1.9,4.5,8812
2018-03-09,,4.5,9.6,1.4,41.0,31.0,63.3,5.1,43.6,1.5,4.2,13573
2018-03-10,,4.6,9.7,0.7,43.0,31.0,65.8,7.9,67.5,2.0,5.9,13324
2018-03-11,,6.4,12.2,2.7,52.0,35.0,51.3,9.8,83.1,2.0,4.2,15136
2018-03-12,,8.0,15.5,2.2,80.0,52.0,45.8,7.5,63.6,1.4,4.2,15913
2018-03-13,,12.4,18.8,5.2,59.0,37.0,60.5,6.6,55.9,1.8,4.3,19514
2018-03-14,,17.0,22.1,13.6,22.0,11.0,58.8,7.9,66.4,2.3,5.0,24911
2018-03-15,27.0,12.4,16.6,8.4,18.0,12.0,92.1,0.0,0.0,2.1,4.8,7091
2018-03-16,,7.1,12.2,3.6,12.0,6.0,46.9,11.0,91.7,1.9,3.1,18415
2018-03-17,,6.6,14.0,0.5,26.0,16.0,48.0,9.1,75.8,1.5,3.8,20165
2018-03-18,0.5,8.2,12.5,5.4,52.0,36.0,55.9,0.0,0.0,1.2,2.9,11740
2018-03-19,1.0,8.0,10.4,6.2,30.0,23.0,64.5,0.0,0.0,2.5,4.2,10297
2018-03-20,,4.7,9.1,1.6,18.0,7.0,39.9,5.4,44.6,3.4,4.8,13205
2018-03-21,1.0,2.1,5.3,1.1,,,64.1,0.4,3.3,1.7,3.3,8225
2018-03-22,,4.9,11.6,0.6,,,61.5,10.7,87.7,2.2,5.0,16420
2018-03-23,,6.1,12.5,1.8,,,55.3,8.7,71.3,2.0,4.2,17904
2018-03-24,,7.6,13.1,4.0,,,61.9,7.2,58.5,2.1,4.4,14914
2018-03-25,,9.6,16.9,4.6,,,65.6,9.5,77.2,1.7,3.5,13942
2018-03-26,,11.0,18.1,5.3,,,64.5,9.1,73.4,1.9,4.4,15505
2018-03-27,,13.3,20.0,7.7,,,61.1,7.9,63.7,1.6,3.9,17456
2018-03-28,,14.0,19.0,9.4,,,66.4,5.2,41.6,2.2,4.8,21232
2018-03-29,,15.4,21.1,11.8,,,66.3,7.5,60.0,1.6,4.0,21436
2018-03-30,,14.8,21.9,9.8,,,55.6,9.9,79.2,1.7,3.8,24411
2018-03-31,,14.0,20.1,9.3,,,52.9,7.9,62.7,1.9,4.5,25673
2018-04-01,,15.6,18.5,11.7,,,68.8,1.3,10.3,1.5,3.5,22994
2018-04-02,,18.4,23.7,14.9,,,64.0,5.6,44.4,1.9,4.5,28139
2018-04-03,0.1,17.8,21.2,14.9,,,72.9,0.8,6.3,2.1,4.4,26817
2018-04-04,18.5,13.4,18.2,9.5,,,67.0,8.0,63.0,1.9,5.1,26034
2018-04-05,10.5,7.6,9.5,6.7,,,90.6,0.0,0.0,2.0,3.5,2833
2018-04-06,6.5,5.8,8.6,3.0,,,71.6,4.0,31.3,3.1,5.7,13297
2018-04-07,0.2,4.2,8.6,1.4,,,45.5,9.0,70.3,4.1,6.0,13088
2018-04-08,3.0,3.9,7.9,0.6,,,59.6,3.3,25.6,1.8,3.6,7758
2018-04-09,,7.9,15.4,0.1,32.0,22.0,57.9,9.5,73.6,1.1,2.9,23925
2018-04-10,5.0,15.1,21.9,6.9,37.0,18.0,51.0,6.3,48.5,3.5,8.8,20423
2018-04-11,,12.6,17.3,8.7,53.0,20.0,49.4,11.8,90.8,3.0,6.1,25557
2018-04-12,,13.3,19.6,6.8,40.0,14.0,30.5,12.0,92.3,2.6,6.2,28885
2018-04-13,,14.6,19.3,8.3,29.0,13.0,22.9,2.7,20.6,1.3,3.7,29497
2018-04-14,9.0,9.0,14.8,7.5,18.0,10.0,78.8,0.3,2.3,1.8,4.1,8216
2018-04-15,,9.5,14.2,5.6,61.0,17.0,65.5,8.6,65.2,2.4,4.9,12721
2018-04-16,,11.6,18.8,4.9,33.0,20.0,41.9,12.3,93.2,1.6,4.7,29589
2018-04-17,,12.9,20.1,6.8,50.0,25.0,37.9,12.2,92.4,1.9,5.5,28236
2018-04-18,,12.4,19.3,6.2,57.0,27.0,35.4,12.0,90.2,1.9,3.9,23499
2018-04-19,,14.0,20.5,7.4,70.0,32.0,38.8,11.4,85.7,1.9,5.1,20400
2018-04-20,,18.4,26.3,11.0,,,46.0,11.3,84.3,1.3,3.6,28351
2018-04-21,,18.7,25.6,12.3,66.0,36.0,32.0,12.4,92.5,1.9,4.6,33144
2018-04-22,15.5,15.5,21.0,10.7,33.0,18.0,57.4,0.0,0.0,1.1,2.9,8095
2018-04-23,59.0,9.3,10.7,8.4,9.0,6.0,93.9,0.0,0.0,2.2,3.0,1037
2018-04-24,3.0,12.1,16.1,8.9,7.0,4.0,63.3,0.0,0.0,1.4,2.8,24560
2018-04-25,,14.6,23.3,5.7,30.0,22.0,37.8,12.4,91.9,1.5,4.4,33728
2018-04-26,,14.9,22.1,10.0,39.0,26.0,51.9,11.7,86.0,2.1,5.1,32547
2018-04-27,,15.7,23.3,9.7,48.0,33.0,52.9,11.3,83.1,1.7,3.8,32989
2018-04-28,,15.4,21.7,10.5,56.0,35.0,49.0,12.4,91.2,2.0,4.8,33738
2018-04-29,,16.2,22.9,9.4,47.0,27.0,43.1,11.6,84.7,1.9,4.3,35159
2018-04-30,,19.2,25.0,14.1,70.0,47.0,61.6,9.2,67.2,1.6,3.6,32629
2018-05-01,0.0,20.4,23.3,17.8,52.0,36.0,72.8,3.2,23.4,1.5,4.0,34593
2018-05-02,12.0,15.1,19.7,8.7,41.0,30.0,90.4,0.0,0.0,1.9,5.2,8374
2018-05-03,1.0,11.2,14.7,6.9,24.0,12.0,62.4,8.2,59.4,2.7,5.3,25963
2018-05-04,,14.1,20.0,8.8,37.0,15.0,45.5,12.4,89.9,2.7,5.9,34058
2018-05-05,,18.3,24.6,11.6,34.0,17.0,46.8,11.0,79.1,2.6,4.8,37389
2018-05-06,22.0,16.6,20.7,15.0,13.0,8.0,86.4,3.2,23.0,1.1,3.9,19809
2018-05-07,,19.2,25.5,14.0,30.0,16.0,60.3,7.1,51.1,1.2,3.7,40026
2018-05-08,,17.5,22.9,11.6,15.0,7.0,50.9,11.3,80.7,1.7,2.7,33738
2018-05-09,,15.7,21.8,9.2,19.0,7.0,50.4,12.6,90.0,1.7,3.6,37851
2018-05-10,,15.4,21.4,11.3,35.0,18.0,67.4,12.3,87.9,2.3,5.4,36549
2018-05-11,,16.1,21.3,11.9,51.0,29.0,59.8,5.3,37.6,1.8,3.5,33923
2018-05-12,32.0,14.2,16.1,11.8,27.0,17.0,89.3,0.0,0.0,0.9,2.9,3551
2018-05-13,0.5,15.8,20.0,12.7,18.0,12.0,82.5,6.9,48.9,1.9,3.9,35668
2018-05-14,,18.2,24.5,11.9,58.0,37.0,71.4,7.2,50.7,1.4,3.4,35918
2018-05-15,0.0,23.2,29.3,15.4,66.0,46.0,56.4,8.9,62.7,1.1,3.4,36476
2018-05-16,45.0,22.3,24.4,21.8,32.0,22.0,93.8,0.0,0.0,1.9,6.1,7072
2018-05-17,83.0,20.9,23.5,18.8,13.0,8.0,97.0,0.0,0.0,1.4,8.0,3802
2018-05-18,6.5,16.3,19.3,12.2,,,86.8,0.4,2.8,1.3,2.7,19629
2018-05-19,,17.6,24.7,10.3,,,47.5,12.7,88.8,1.5,2.9,43471
2018-05-20,,17.0,22.6,11.5,9.0,5.0,32.1,4.2,29.4,1.4,2.8,39036
2018-05-21,,17.8,23.7,11.3,8.0,5.0,43.9,8.8,61.5,1.4,3.5,42039
2018-05-22,12.5,18.1,23.2,15.4,,,75.5,2.7,18.8,1.1,3.1,17444
2018-05-23,6.5,17.3,23.3,13.6,,,57.1,12.7,88.2,2.5,5.0,35975
2018-05-24,,18.3,23.7,11.2,,,47.4,12.5,86.8,2.2,5.4,36858
2018-05-25,,19.7,26.2,13.8,,,47.4,12.1,84.0,1.8,4.5,37569
2018-05-26,,21.8,29.6,14.0,,,50.1,12.6,86.9,1.4,4.0,37761
2018-05-27,,20.3,24.7,17.3,56.0,25.0,47.4,4.7,32.4,1.7,4.1,39534
2018-05-28,,22.3,29.1,16.2,41.0,20.0,49.8,12.5,86.2,1.6,4.3,40775
2018-05-29,1.0,21.4,25.9,19.1,,,69.3,3.4,23.4,1.8,4.4,29925
2018-05-30,0.0,20.2,24.7,15.8,,,69.8,9.8,67.6,1.9,4.4,39214
2018-05-31,,20.9,27.6,14.2,,,58.9,12.9,88.4,1.9,3.6,41619
2018-06-01,,23.8,30.2,17.5,35.0,20.0,50.4,12.9,88.4,1.9,4.3,41970
2018-06-02,,23.4,30.1,17.6,43.0,27.0,44.5,12.8,87.7,2.0,4.5,41677
2018-06-03,,24.0,30.8,16.9,,,39.4,12.9,88.4,1.6,4.2,40565
2018-06-04,,22.6,27.5,18.9,36.0,24.0,50.1,9.2,63.0,1.9,4.4,44014
2018-06-05,,23.7,29.2,17.7,32.0,22.0,52.5,11.4,77.6,1.7,4.0,44118
2018-06-06,,23.0,27.9,18.4,,,62.9,12.7,86.4,2.0,4.0,40440
2018-06-07,,22.2,29.4,17.8,,,69.3,9.4,63.9,2.0,4.1,42038
2018-06-08,,21.9,27.0,18.5,,,68.0,7.1,48.3,2.1,3.7,46516
2018-06-09,0.5,23.7,30.1,18.9,,,60.6,7.9,53.7,1.4,3.5,32839
2018-06-10,0.5,21.3,24.9,18.3,,,59.9,1.4,9.5,1.4,2.9,39277
2018-06-11,5.0,20.2,23.9,18.0,,,67.3,3.3,22.4,1.4,4.3,30605
2018-06-12,0.0,21.3,27.1,16.6,,,65.5,12.1,82.3,1.7,4.7,46201
2018-06-13,0.0,22.0,27.0,18.3,,,64.0,4.9,33.3,1.5,5.1,49116
2018-06-14,29.0,21.6,25.1,18.8,,,74.9,1.4,9.5,1.1,3.7,30511
2018-06-15,16.5,21.7,27.0,17.2,,,60.8,9.8,66.2,1.4,2.7,45103
2018-06-16,,22.5,28.7,16.3,,,56.4,13.0,87.8,1.4,2.8,46457
2018-06-17,,22.8,27.5,18.9,,,66.9,2.4,16.2,1.3,3.9,43484
2018-06-18,,24.8,30.8,19.9,,,54.9,12.6,85.1,1.5,4.0,36316
2018-06-19,,22.4,27.2,19.1,,,61.3,3.1,20.9,1.8,3.6,47296
2018-06-20,,22.7,28.4,19.1,,,68.1,10.2,68.9,2.3,4.2,46612
2018-06-21,,23.7,28.7,19.4,,,60.1,12.6,85.1,2.2,4.4,47762
2018-06-22,,25.0,32.0,18.2,38.0,23.0,45.1,12.4,83.8,1.8,4.3,47478
2018-06-23,,24.5,28.9,20.9,,,50.6,8.5,57.4,2.0,4.4,45663
2018-06-24,,25.2,32.1,20.1,,,62.8,11.1,75.0,1.9,3.7,39548
2018-06-25,,27.1,32.9,21.3,,,57.1,7.8,52.7,1.2,3.2,46565
2018-06-26,71.5,22.3,26.9,20.2,51.0,34.0,88.3,0.0,0.0,2.4,5.7,6391
2018-06-27,1.0,22.3,25.5,19.1,,,81.9,2.9,19.6,2.0,4.5,41128
2018-06-28,26.5,23.3,27.3,20.6,,,85.1,1.9,12.8,1.1,4.3,27757
2018-06-29,6.5,24.7,29.1,21.9,,,78.5,8.4,56.8,1.5,3.2,42765
2018-06-30,14.5,24.4,27.9,21.6,50.0,34.0,83.8,0.5,3.4,0.9,5.1,26911
2018-07-01,83.5,21.9,22.8,21.0,11.0,8.0,94.6,0.0,0.0,0.8,2.3,4358
2018-07-02,59.5,22.6,25.3,20.6,10.0,7.0,95.4,0.1,0.7,0.7,2.9,6261
2018-07-03,0.1,27.4,32.6,22.5,11.0,8.0,74.4,10.1,68.7,0.8,2.6,41350
2018-07-04,,27.3,31.8,24.0,,,69.6,8.4,57.1,1.7,3.9,45741
2018-07-05,0.5,25.3,29.0,23.4,,,72.8,1.7,11.6,1.2,3.0,39804
2018-07-06,,23.9,27.1,21.5,6.0,3.0,57.8,2.6,17.7,1.8,3.4,49521
2018-07-07,,23.7,29.2,19.5,7.0,5.0,51.4,,0.0,1.6,2.3,48015
2018-07-08,,23.3,28.1,17.7,11.0,8.0,51.5,9.5,65.1,1.5,2.8,48132
2018-07-09,14.0,20.8,24.2,20.1,9.0,7.0,82.3,0.0,0.0,1.1,1.8,8155
2018-07-10,16.5,23.7,26.5,20.4,19.0,13.0,87.8,0.0,0.0,0.7,1.6,27956
2018-07-11,3.0,26.8,29.5,24.4,34.0,23.0,82.9,0.1,0.7,1.3,3.9,35390
2018-07-12,1.0,26.6,28.2,25.1,28.0,18.0,82.4,1.1,7.5,1.5,3.6,43611
2018-07-13,,27.3,30.9,24.7,22.0,17.0,74.8,7.0,47.9,1.8,3.4,44976
2018-07-14,0.0,27.9,31.9,24.6,20.0,15.0,69.6,11.3,77.9,1.9,4.2,39205
2018-07-15,,28.3,33.2,24.5,23.0,18.0,69.6,11.0,75.9,1.6,3.7,34957
2018-07-16,,28.7,34.0,24.0,24.0,20.0,64.3,12.9,89.0,1.7,3.6,40964
2018-07-17,,28.1,32.1,23.9,28.0,25.0,66.5,13.0,89.7,1.7,4.1,43323
2018-07-18,,28.2,33.2,23.7,33.0,30.0,64.8,13.0,89.7,1.6,4.1,42609
2018-07-19,,28.7,34.1,23.2,29.0,23.0,64.1,12.9,89.6,1.6,3.2,42316
2018-07-20,,29.5,34.7,24.6,36.0,28.0,62.6,12.9,89.6,1.5,3.3,40337
2018-07-21,,30.6,36.9,24.9,35.0,28.0,53.6,12.9,89.6,1.5,3.6,32360
2018-07-22,,31.8,38.0,25.3,29.0,22.0,49.6,12.2,84.7,1.4,3.7,28250
2018-07-23,,31.7,35.7,29.2,31.0,24.0,53.8,8.0,55.6,1.8,4.0,38003
2018-07-24,,31.4,36.8,27.2,40.0,33.0,59.5,10.2,71.3,1.6,4.0,37486
2018-07-25,,30.1,34.1,27.7,32.0,24.0,66.3,5.2,36.4,2.4,3.8,39225
2018-07-26,,30.1,33.7,27.3,40.0,29.0,68.8,4.4,30.8,1.5,3.4,37796
2018-07-27,,30.9,35.4,27.2,43.0,30.0,69.3,9.3,65.5,1.9,3.7,34985
2018-07-28,7.5,29.5,35.2,28.0,31.0,21.0,77.1,3.4,23.9,1.2,3.6,24649
2018-07-29,,31.3,36.7,26.4,18.0,12.0,52.4,12.3,86.6,1.2,2.9,28317
2018-07-30,,31.7,36.9,26.2,9.0,6.0,50.9,11.0,77.5,1.2,2.4,36701
2018-07-31,,32.6,38.3,27.8,15.0,9.0,50.5,12.0,85.1,1.5,3.6,35262
2018-08-01,,33.6,39.6,27.8,29.0,17.0,55.5,12.6,89.4,1.7,4.0,31169
2018-08-02,,33.7,37.9,30.3,29.0,19.0,54.4,9.8,69.5,1.6,3.2,31321
2018-08-03,,33.1,37.9,30.0,41.0,30.0,55.3,10.5,75.0,1.9,4.2,31646
2018-08-04,,31.1,34.9,28.0,24.0,17.0,60.6,12.1,86.4,2.4,4.6,28174
2018-08-05,2.0,30.0,33.9,27.2,24.0,15.0,71.8,10.1,72.1,2.6,4.9,26989
2018-08-06,6.5,30.5,35.3,28.3,28.0,18.0,71.6,7.3,52.5,1.6,4.4,29113
2018-08-07,,30.5,35.9,26.8,17.0,11.0,63.4,8.5,61.2,1.5,3.7,36983
2018-08-08,,31.0,35.3,27.6,24.0,15.0,64.8,10.8,77.7,2.1,4.6,37140
2018-08-09,2.0,28.8,32.5,27.1,23.0,16.0,76.3,2.6,18.8,1.5,4.2,32216
2018-08-10,,30.7,36.8,25.7,14.0,9.0,60.9,11.4,82.6,1.4,3.6,36178
2018-08-11,,31.0,36.0,26.4,9.0,5.0,55.8,11.5,83.3,1.5,3.3,31293
2018-08-12,5.0,30.6,35.3,27.2,14.0,9.0,61.3,8.4,61.3,1.5,3.7,27363
2018-08-13,1.0,30.5,34.4,26.7,30.0,21.0,68.6,6.3,46.0,1.4,3.2,36076
2018-08-14,,31.7,37.2,27.7,24.0,15.0,58.3,9.5,69.3,1.3,4.0,37659
2018-08-15,1.0,31.7,38.0,28.3,27.0,18.0,59.5,9.5,69.9,1.2,5.8,29270
2018-08-16,,29.9,35.6,24.1,14.0,8.0,51.0,11.0,80.9,1.7,3.0,41358
2018-08-17,,27.2,33.8,21.7,12.0,5.0,39.8,12.4,91.2,1.8,3.5,47634
2018-08-18,,26.7,32.1,21.5,14.0,6.0,44.6,10.9,80.7,1.4,3.8,45629
2018-08-19,,28.2,34.4,23.0,20.0,12.0,50.6,7.9,58.5,1.2,3.3,42281
2018-08-20,0.0,29.1,33.3,25.1,32.0,20.0,55.6,6.0,44.4,2.0,5.1,44243
2018-08-21,5.0,26.6,31.0,23.4,21.0,12.0,71.4,6.8,50.7,2.5,7.1,41964
2018-08-22,,30.7,37.6,23.4,21.0,13.0,54.1,10.5,78.4,1.1,3.2,42425
2018-08-23,3.0,29.4,32.2,25.7,11.0,6.0,59.1,1.7,12.7,1.7,2.8,23616
2018-08-24,7.5,24.4,26.3,23.2,8.0,5.0,86.3,0.0,0.0,2.5,4.2,17319
2018-08-25,,25.2,29.3,22.7,21.0,12.0,68.0,7.2,54.1,2.6,5.3,47109
2018-08-26,2.0,23.2,29.0,20.3,16.0,10.0,70.0,5.1,38.6,1.2,3.8,32200
2018-08-27,19.5,22.7,24.9,20.2,8.0,6.0,91.0,0.0,0.0,0.8,2.1,23382
2018-08-28,96.5,23.7,26.1,22.5,10.0,6.0,92.4,0.0,0.0,0.9,3.7,13495
2018-08-29,42.0,25.2,27.4,22.7,13.0,7.0,86.0,0.1,0.8,2.4,4.5,13001
2018-08-30,9.5,25.3,28.2,23.9,25.0,17.0,80.9,1.9,14.5,1.8,3.7,33158
2018-08-31,0.1,25.6,30.3,22.8,22.0,14.0,67.4,10.1,77.7,1.6,3.7,46101
2018-09-01,,25.5,30.9,20.8,17.0,9.0,59.4,10.6,81.5,1.3,2.3,43847
2018-09-02,,25.1,29.6,20.1,12.0,7.0,55.8,9.2,70.8,1.5,2.8,48427
2018-09-03,34.5,23.3,25.8,21.4,14.0,8.0,85.3,0.0,0.0,1.0,5.5,16086
2018-09-04,,23.2,27.8,20.0,14.0,7.0,69.4,11.0,85.3,2.2,5.2,50500
2018-09-05,,24.0,28.5,19.6,24.0,10.0,63.5,11.8,91.5,2.5,5.7,53984
2018-09-06,1.0,24.1,28.2,20.9,31.0,17.0,69.9,2.2,17.2,2.0,5.0,46532
2018-09-07,0.5,22.0,25.5,19.1,24.0,13.0,54.6,10.9,85.2,2.5,4.3,53230
2018-09-08,,21.7,27.7,15.9,22.0,11.0,48.8,11.7,92.1,1.7,3.9,55470
2018-09-09,,22.2,28.9,15.6,19.0,10.0,49.0,9.9,78.0,1.2,2.8,54213
2018-09-10,,22.9,28.4,18.6,11.0,5.0,49.5,10.3,81.1,1.6,2.7,55188
2018-09-11,,21.6,26.1,16.8,12.0,5.0,48.1,8.4,66.7,1.5,2.4,56212
2018-09-12,,22.8,28.2,16.8,15.0,7.0,52.0,11.3,89.7,1.4,3.2,57363
2018-09-13,,23.5,28.3,20.3,16.0,7.0,63.5,5.0,40.0,1.2,2.4,55791
2018-09-14,0.5,23.5,26.8,20.3,17.0,10.0,66.9,1.6,12.8,1.3,2.6,49383
2018-09-15,0.2,23.3,26.0,21.0,11.0,6.0,76.0,0.8,6.4,1.0,2.4,44808
2018-09-16,2.0,22.2,23.9,21.0,34.0,21.0,83.6,0.0,0.0,1.7,3.7,24317
2018-09-17,0.1,22.3,27.7,18.5,23.0,14.0,64.3,10.8,87.1,1.9,3.8,55335
2018-09-18,,22.0,26.5,17.7,31.0,16.0,59.8,7.9,64.2,1.2,3.4,57691
2018-09-19,0.2,22.1,26.6,18.9,35.0,18.0,59.1,2.1,17.1,1.0,2.9,44096
2018-09-20,5.0,19.0,20.1,17.8,13.0,8.0,82.4,0.0,0.0,1.8,2.9,23616
2018-09-21,18.0,19.4,21.9,17.6,7.0,4.0,85.8,0.6,4.9,1.3,2.3,32242
2018-09-22,6.5,20.8,25.5,17.2,27.0,11.0,62.3,10.8,88.5,1.8,5.3,49688
2018-09-23,0.0,19.4,25.3,15.6,26.0,10.0,52.9,7.4,61.2,1.6,4.3,38635
2018-09-24,,17.6,22.1,14.2,13.0,6.0,48.3,11.0,90.9,2.1,4.4,36406
2018-09-25,,17.8,24.3,10.8,14.0,7.0,48.0,10.0,82.6,1.1,2.2,49595
2018-09-26,,19.4,24.8,16.2,8.0,5.0,47.9,8.4,70.0,1.7,2.7,57730
2018-09-27,,18.9,25.0,13.2,9.0,5.0,47.6,10.3,85.8,1.3,2.4,58200
2018-09-28,,17.5,22.2,14.3,12.0,7.0,58.1,3.5,29.4,1.2,2.1,59649
2018-09-29,,20.2,27.0,14.6,14.0,9.0,55.5,10.8,90.8,1.0,2.4,63866
2018-09-30,,17.6,21.6,14.0,19.0,10.0,52.5,10.4,87.4,2.3,5.5,55893
2018-10-01,0.0,15.4,19.7,13.0,16.0,9.0,55.1,7.9,66.9,2.9,6.1,51808
2018-10-02,,15.9,22.0,10.3,22.0,13.0,61.4,10.8,91.5,1.6,4.1,57280
2018-10-03,,17.3,24.2,11.2,24.0,14.0,58.0,10.6,90.6,1.3,4.0,64671
2018-10-04,,19.3,25.6,13.0,21.0,12.0,56.5,8.9,76.1,1.3,2.4,59413
2018-10-05,36.5,16.9,19.0,15.7,11.0,6.0,84.1,0.0,0.0,1.7,3.2,7772
2018-10-06,55.5,18.0,21.7,16.3,5.0,3.0,84.0,3.0,25.9,2.2,5.3,32510
2018-10-07,,16.4,21.1,12.3,23.0,10.0,53.5,10.5,90.5,1.7,3.6,57873
2018-10-08,,14.8,20.9,9.2,20.0,8.0,47.0,10.5,90.5,1.1,2.7,57247
2018-10-09,0.0,15.3,19.8,10.7,23.0,12.0,52.5,2.3,20.0,1.1,2.7,61525
2018-10-10,7.0,12.0,16.7,7.9,18.0,11.0,61.0,6.5,56.5,2.5,4.7,44876
2018-10-11,,9.7,13.9,6.1,17.0,9.0,51.0,9.3,81.6,2.1,5.6,44489
2018-10-12,,10.9,17.4,5.2,22.0,13.0,54.0,10.1,88.6,1.3,3.2,48529
2018-10-13,,12.5,19.8,6.1,29.0,18.0,54.0,10.0,87.7,1.0,2.9,49203
2018-10-14,,13.2,20.3,6.8,30.0,20.0,60.0,9.9,87.6,1.5,3.1,49025
2018-10-15,,15.2,21.0,10.9,49.0,32.0,69.9,6.8,60.2,1.4,3.5,49503
2018-10-16,,14.5,20.3,9.9,42.0,23.0,55.9,8.2,73.2,1.3,3.0,51236
2018-10-17,,12.4,18.6,8.4,33.0,17.0,53.3,10.0,89.3,1.3,3.6,49795
2018-10-18,,12.7,19.0,7.5,14.0,8.0,59.5,8.1,72.3,1.1,2.7,49560
2018-10-19,,13.1,20.4,7.2,19.0,10.0,54.3,9.9,89.2,1.4,3.8,52122
2018-10-20,,13.4,21.4,6.9,36.0,19.0,53.9,9.7,87.4,1.2,3.0,49815
2018-10-21,,13.4,21.1,7.2,32.0,20.0,49.5,9.6,87.3,1.1,2.9,48346
2018-10-22,,14.0,20.6,8.8,42.0,28.0,50.0,7.6,69.1,1.0,2.6,49889
2018-10-23,5.0,12.2,16.9,9.8,50.0,30.0,75.1,5.3,48.2,1.1,5.0,40223
2018-10-24,,12.5,18.7,7.6,39.0,17.0,66.0,9.6,88.1,1.3,3.4,50343
2018-10-25,,13.8,21.2,7.0,36.0,19.0,55.5,8.7,79.8,0.9,1.6,52181
2018-10-26,11.0,12.2,14.7,9.9,32.0,17.0,74.1,2.4,22.2,1.6,5.4,24308
2018-10-27,,8.7,11.6,6.2,24.0,6.0,49.6,8.0,74.1,3.2,5.8,33699
2018-10-28,5.5,8.3,13.5,5.2,13.0,7.0,77.1,2.8,25.9,1.5,5.9,20882
2018-10-29,0.0,7.2,11.7,3.4,16.0,8.0,57.3,6.5,60.7,2.0,5.3,36107
2018-10-30,0.0,6.1,11.6,0.7,21.0,10.0,51.3,9.1,85.0,1.6,3.5,37382
2018-10-31,0.0,7.4,12.6,3.0,20.0,12.0,55.4,9.3,86.9,1.6,4.1,39009
2018-11-01,,8.4,15.2,2.5,31.0,18.0,53.4,9.2,86.8,1.3,3.6,41911
2018-11-02,,10.6,19.0,4.0,39.0,24.0,54.9,9.2,86.8,1.1,2.5,44917
2018-11-03,,11.2,19.1,5.0,47.0,30.0,56.0,9.1,85.8,1.3,4.0,40640
2018-11-04,,11.6,19.4,5.3,40.0,27.0,55.0,9.0,85.7,1.3,3.4,39973
2018-11-05,,11.9,18.3,6.6,53.0,33.0,65.5,7.9,75.2,1.1,2.3,43870
2018-11-06,,12.2,17.5,8.0,89.0,61.0,70.5,4.1,39.0,0.9,2.6,39680
2018-11-07,2.0,12.8,15.7,10.3,56.0,38.0,79.5,0.5,4.8,1.1,2.8,29492
2018-11-08,64.0,11.8,14.7,10.5,9.0,5.0,93.8,0.0,0.0,1.8,5.0,2730
2018-11-09,1.0,12.1,15.4,9.5,38.0,20.0,69.0,6.5,62.5,3.1,5.6,34673
2018-11-10,0.0,11.9,17.1,8.8,69.0,39.0,69.1,8.1,78.6,1.4,3.3,34194
2018-11-11,0.0,8.1,10.9,5.4,64.0,37.0,67.6,1.4,13.6,1.1,3.7,23926
2018-11-12,,8.1,15.1,3.1,27.0,14.0,52.3,8.9,86.4,1.2,3.3,38706
2018-11-13,,8.8,15.4,4.1,39.0,23.0,51.6,8.8,86.3,1.1,3.0,40263
2018-11-14,,9.8,16.6,4.8,31.0,19.0,55.5,8.7,85.3,1.1,3.1,41973
2018-11-15,,9.7,16.2,4.7,45.0,30.0,55.4,7.8,76.5,1.0,2.4,39702
2018-11-16,,8.8,14.5,4.2,55.0,36.0,65.1,5.2,51.0,1.7,4.0,37629
2018-11-17,,4.9,11.4,0.6,31.0,18.0,50.8,5.2,51.5,1.4,3.7,28167
2018-11-18,,6.1,10.7,1.9,,21.0,48.8,2.4,23.8,1.1,3.1,26464
2018-11-19,,6.5,11.3,3.3,56.0,29.0,50.4,5.8,57.4,1.4,4.4,34352
2018-11-20,0.2,6.5,12.7,0.0,40.0,17.0,39.9,8.8,88.0,1.8,4.2,34855
2018-11-21,1.0,5.8,8.2,3.1,30.0,15.0,57.1,0.0,0.0,1.2,4.5,28140
2018-11-22,,2.3,7.1,-1.3,19.0,10.0,35.0,8.6,86.0,2.4,5.6,29239
2018-11-23,,1.9,7.6,-3.1,23.0,11.0,29.6,8.6,86.0,1.4,3.7,28620
2018-11-24,10.9,2.6,3.8,0.3,23.0,12.0,71.1,1.6,16.2,1.8,3.3,11255
2018-11-25,,4.8,9.8,1.3,44.0,31.0,77.8,6.9,69.7,1.0,1.9,19946
2018-11-26,,6.3,13.6,1.6,57.0,38.0,70.1,8.6,86.9,1.0,1.9,30698
2018-11-27,,7.1,12.5,3.1,108.0,48.0,65.0,1.1,11.1,1.5,3.7,28806
2018-11-28,,5.0,11.1,2.1,110.0,19.0,27.1,6.8,69.4,1.6,3.7,29177
2018-11-29,0.0,3.5,6.7,0.6,70.0,20.0,41.4,0.2,2.0,1.3,3.3,28977
2018-11-30,,2.7,8.0,-1.5,59.0,20.0,46.1,8.6,87.8,1.4,3.3,28557
2018-12-01,,5.5,12.4,0.8,44.0,23.0,42.3,7.8,79.6,1.0,2.5,24622
2018-12-02,,8.2,11.8,2.8,46.0,23.0,50.1,2.7,27.6,1.3,2.2,23035
2018-12-03,9.5,11.5,13.5,9.3,44.0,21.0,87.4,0.0,0.0,1.4,3.2,10638
2018-12-04,5.0,6.7,11.8,-0.3,33.0,15.0,74.9,2.1,21.6,2.7,5.6,20029
2018-12-05,,0.0,3.4,-4.3,26.0,11.0,39.5,3.1,32.0,1.5,4.0,23535
2018-12-06,0.0,2.4,6.8,-1.0,36.0,16.0,50.5,6.2,63.9,2.3,5.7,23788
2018-12-07,,-7.3,-1.1,-9.6,22.0,9.0,37.1,8.7,89.7,3.8,5.9,15148
2018-12-08,,-8.3,-4.4,-11.4,23.0,9.0,37.1,8.7,89.7,2.6,5.5,9824
2018-12-09,,-7.2,-2.1,-11.8,21.0,10.0,27.0,7.8,80.4,1.5,3.4,8749
2018-12-10,,-2.5,4.6,-8.1,32.0,18.0,33.3,8.0,83.3,0.9,2.9,17987
2018-12-11,,0.2,2.9,-2.4,41.0,25.0,44.8,0.1,1.0,1.2,3.9,20805
2018-12-12,,-1.9,2.4,-5.0,45.0,23.0,39.0,8.7,90.6,2.2,4.0,19339
2018-12-13,1.3,-2.2,2.1,-5.9,39.0,23.0,57.4,4.8,50.0,2.0,5.8,11765
2018-12-14,,-4.4,0.6,-7.8,32.0,17.0,44.3,8.7,90.6,1.7,3.5,14932
2018-12-15,,-2.4,3.2,-7.8,56.0,37.0,46.8,8.0,83.3,1.0,2.1,12720
2018-12-16,0.3,0.0,2.1,-2.6,55.0,39.0,63.8,1.1,11.5,0.9,1.7,10783
2018-12-17,0.3,1.6,5.9,-1.5,72.0,45.0,60.1,8.3,86.5,1.8,4.3,17449
2018-12-18,,2.6,7.4,-2.8,44.0,23.0,56.3,7.2,75.0,1.4,4.1,20917
2018-12-19,,4.0,9.5,1.3,50.0,28.0,53.4,7.8,81.3,1.4,3.3,21970
2018-12-20,,3.4,10.4,-1.1,55.0,37.0,45.5,7.5,78.1,0.9,2.4,22881
2018-12-21,,5.6,9.8,0.4,69.0,44.0,40.1,3.2,33.3,1.1,2.6,23422
2018-12-22,,6.9,12.4,2.9,81.0,56.0,48.9,7.8,81.3,1.5,3.6,17127
2018-12-23,,2.4,7.5,-3.4,48.0,27.0,43.0,8.3,86.5,2.9,5.7,13601
2018-12-24,,-2.3,3.1,-5.9,21.0,11.0,35.9,8.8,91.7,1.6,3.6,16579
2018-12-25,,0.6,5.2,-4.0,35.0,20.0,53.4,3.1,32.3,1.2,2.7,12437
2018-12-26,,-1.5,3.0,-7.1,49.0,26.0,40.8,8.3,86.5,2.8,4.5,17112
2018-12-27,,-10.1,-6.5,-12.5,26.0,9.0,28.3,8.7,90.6,3.5,5.8,11325
2018-12-28,,-10.5,-6.6,-14.4,33.0,13.0,33.0,8.7,90.6,2.5,4.4,10445
2018-12-29,,-7.6,-3.0,-10.5,36.0,9.0,29.0,8.7,90.6,2.9,5.5,8083
2018-12-30,,-6.8,-0.9,-11.3,30.0,15.0,35.9,8.7,90.6,1.2,3.1,7864
2018-12-31,,-5.4,-0.5,-10.5,45.0,29.0,39.6,8.3,86.5,1.2,3.4,11911
2019-01-01,,-5.0,-0.6,-8.2,35.0,22.0,49.5,7.5,78.1,2.1,4.3,8601
2019-01-02,,-4.9,0.2,-8.8,31.0,19.0,42.8,8.7,90.6,1.7,3.6,14360
2019-01-03,,-3.5,3.2,-8.4,36.0,21.0,38.8,8.7,89.7,1.4,2.9,16344
2019-01-04,,-1.1,4.1,-6.2,56.0,36.0,55.5,3.9,40.2,1.2,3.0,17308
2019-01-05,,-2.8,1.1,-5.5,62.0,37.0,40.3,8.6,88.7,2.2,4.3,12380
2019-01-06,,-2.8,2.7,-6.3,44.0,19.0,35.0,7.7,79.4,1.2,3.2,11094
2019-01-07,,-1.9,3.1,-6.2,50.0,30.0,46.4,7.0,72.2,1.4,4.7,16795
2019-01-08,,-3.5,0.5,-7.2,39.0,17.0,31.0,8.7,89.7,2.6,6.5,15833
2019-01-09,,-4.7,1.3,-9.4,44.0,19.0,28.8,7.4,76.3,1.3,3.5,15819
2019-01-10,,-0.6,3.0,-4.5,54.0,29.0,48.8,3.1,31.6,1.3,3.8,17894
2019-01-11,,2.4,7.2,-0.4,70.0,46.0,58.8,6.9,70.4,1.0,2.6,19271
2019-01-12,,2.8,8.0,-0.6,93.0,64.0,47.6,6.0,61.2,1.3,3.5,14519
2019-01-13,,1.2,7.6,-3.0,102.0,67.0,54.3,8.6,87.8,1.4,3.2,11751
2019-01-14,,1.4,5.3,-2.4,158.0,112.0,68.6,0.4,4.1,0.9,2.5,14818
2019-01-15,0.0,-1.7,2.6,-7.2,130.0,79.0,58.8,4.7,47.5,2.7,6.1,14761
2019-01-16,0.0,-5.2,-1.1,-10.1,45.0,16.0,45.9,8.6,86.9,2.3,4.3,15823
2019-01-17,0.0,-0.3,4.0,-3.2,40.0,19.0,45.8,8.7,87.9,1.7,5.0,17960
2019-01-18,,0.6,6.7,-4.6,49.0,29.0,44.0,8.5,85.9,1.3,4.5,18901
2019-01-19,,3.6,8.5,0.0,90.0,58.0,59.8,2.9,29.3,1.2,3.0,14883
2019-01-20,,-1.4,4.0,-5.5,62.0,30.0,38.5,8.8,88.0,3.2,5.5,11191
2019-01-21,0.0,-1.2,4.2,-6.7,42.0,20.0,57.8,1.0,10.0,1.6,4.3,17240
2019-01-22,,1.7,7.1,-3.3,62.0,26.0,62.0,8.5,85.0,1.7,4.4,19885
2019-01-23,,2.0,7.0,-0.8,71.0,42.0,48.9,8.6,86.0,2.3,5.1,19163
2019-01-24,,0.1,6.5,-4.6,38.0,19.0,34.9,8.8,87.1,1.7,3.5,20057
2019-01-25,,-1.2,2.6,-3.8,40.0,18.0,27.6,8.7,86.1,2.6,5.5,18159
2019-01-26,,-2.5,2.4,-6.5,38.0,17.0,30.9,8.8,87.1,2.4,4.4,13203
2019-01-27,,-0.1,5.1,-6.6,37.0,19.0,52.5,6.7,65.7,1.7,3.7,12440
2019-01-28,0.0,1.2,4.5,-2.4,75.0,21.0,40.4,8.7,85.3,3.1,6.8,17317
2019-01-29,,-0.2,7.0,-5.6,61.0,19.0,35.5,8.7,85.3,1.5,3.7,19477
2019-01-30,,1.8,6.6,-2.8,56.0,27.0,54.6,7.7,74.8,1.5,3.8,20677
2019-01-31,,-2.0,2.3,-6.2,65.0,20.0,29.0,3.4,33.0,2.9,4.7,17649
2019-02-01,0.3,-2.1,2.8,-7.4,37.0,16.0,47.6,5.7,55.3,1.7,4.9,17696
2019-02-02,0.0,1.4,6.1,-3.2,54.0,31.0,60.0,1.6,15.5,1.0,1.8,13742
2019-02-03,16.0,3.3,4.9,2.0,37.0,24.0,92.9,0.0,0.0,1.7,4.0,2010
2019-02-04,,-0.6,3.0,-3.3,70.0,34.0,40.4,8.6,82.7,2.1,4.9,8562
2019-02-05,,2.8,10.1,-3.6,72.0,24.0,37.1,7.8,74.3,1.0,2.9,9119
2019-02-06,,5.1,9.3,0.1,85.0,29.0,54.9,3.3,31.4,1.3,3.1,13694
2019-02-07,0.5,-2.1,6.3,-8.2,61.0,29.0,45.5,8.7,82.9,3.5,5.5,14533
2019-02-08,,-6.1,-1.3,-10.2,29.0,15.0,31.5,8.4,79.2,2.3,4.7,14782
2019-02-09,,-5.4,-1.9,-8.6,32.0,15.0,30.0,9.3,87.7,2.7,4.9,11760
2019-02-10,,-5.0,-1.9,-9.1,39.0,20.0,31.3,2.2,20.8,1.7,3.6,9759
2019-02-11,,-3.0,2.0,-7.5,35.0,20.0,34.9,9.4,87.9,2.3,4.9,16881
2019-02-12,0.0,-0.6,3.7,-4.1,53.0,33.0,35.5,8.5,79.4,1.9,4.3,18862
2019-02-13,,-2.1,2.5,-5.7,34.0,18.0,26.6,9.2,86.0,2.4,5.1,18411
2019-02-14,,-0.5,6.3,-5.9,43.0,21.0,24.3,9.2,85.2,1.4,3.2,19376
2019-02-15,2.2,-0.8,0.9,-2.9,36.0,24.0,72.8,0.0,0.0,1.9,4.0,9213
2019-02-16,0.2,-2.7,1.5,-5.1,56.0,44.0,59.0,8.8,80.7,2.6,4.6,12641
2019-02-17,,-1.8,4.6,-6.8,32.0,22.0,47.4,9.8,89.9,1.9,4.2,13390
2019-02-18,,0.9,5.9,-4.7,36.0,22.0,43.5,5.6,51.4,1.3,2.8,19916
2019-02-19,4.6,1.4,3.0,0.2,38.0,28.0,80.8,0.6,5.5,1.4,3.9,11689
2019-02-20,0.0,1.7,4.5,-0.1,52.0,42.0,67.8,2.2,20.0,2.1,4.1,19572
2019-02-21,,2.4,9.0,-2.6,74.0,60.0,59.4,9.6,87.3,1.5,3.4,20995
2019-02-22,,4.0,10.8,-1.6,65.0,49.0,56.1,9.5,85.6,1.5,3.7,21727
2019-02-23,,6.8,14.5,0.5,46.0,32.0,41.0,9.1,82.0,1.1,2.9,23742
2019-02-24,,6.3,13.7,1.2,52.0,39.0,45.0,10.0,89.3,1.8,4.9,21933
2019-02-25,,4.7,10.2,1.3,78.0,57.0,55.8,8.0,71.4,2.3,4.8,23445
2019-02-26,,5.2,12.0,-1.5,47.0,25.0,32.8,9.5,84.8,1.6,4.9,28010
2019-02-27,,7.8,14.0,4.7,59.0,39.0,31.3,7.8,69.0,1.6,4.3,28652
2019-02-28,,6.6,12.8,2.0,76.0,50.0,39.5,8.1,71.7,2.0,4.7,27431
2019-03-01,,6.6,13.0,1.2,105.0,74.0,42.3,9.9,87.6,2.1,4.4,21751
2019-03-02,,7.8,14.7,1.3,103.0,74.0,37.6,7.5,65.8,1.1,3.3,22503
2019-03-03,,9.4,16.1,2.5,89.0,64.0,36.4,7.9,69.3,1.5,3.3,24382
2019-03-04,,9.9,16.3,5.0,138.0,97.0,46.1,9.2,80.0,1.9,4.7,26887
2019-03-05,,8.4,12.9,5.6,171.0,124.0,66.3,2.5,21.7,2.0,3.9,24042
2019-03-06,,8.4,12.4,5.7,128.0,89.0,55.0,3.0,26.1,2.0,4.3,25379
2019-03-07,,7.0,12.7,3.1,50.0,36.0,51.1,10.1,87.1,2.2,5.1,31156
2019-03-08,,6.1,13.4,0.6,44.0,25.0,39.4,10.7,92.2,1.9,4.2,33073
2019-03-09,,7.2,14.9,-0.4,,,31.8,9.7,82.9,1.3,3.0,32421
2019-03-10,,10.1,15.3,6.7,,,26.4,0.3,2.6,1.2,2.9,31050
2019-03-11,0.0,6.6,10.0,3.5,,,61.0,3.6,30.5,1.8,4.3,28539
2019-03-12,0.0,3.9,7.9,-0.3,,,55.1,1.8,15.3,2.7,6.0,25537
2019-03-13,0.0,3.5,8.5,-0.4,,,38.5,10.1,85.6,3.3,7.2,28653
2019-03-14,0.0,5.0,10.0,-1.7,36.0,17.0,45.3,7.0,58.8,1.9,3.8,30997
2019-03-15,3.5,5.5,11.3,1.6,62.0,34.0,72.8,2.8,23.5,1.6,5.4,20481
2019-03-16,,4.3,9.2,0.2,,,69.9,5.0,41.7,1.8,5.1,26057
2019-03-17,,6.3,12.4,2.6,,,55.4,9.9,82.5,2.0,4.4,35622
2019-03-18,,7.1,14.4,1.4,35.0,21.0,43.8,8.7,72.5,1.4,4.7,36313
2019-03-19,,10.0,16.7,3.4,58.0,34.0,52.0,8.3,68.6,1.4,3.3,39908
2019-03-20,16.5,10.3,14.6,7.1,87.0,63.0,79.0,0.0,0.0,1.4,3.9,16204
2019-03-21,3.3,7.1,11.1,1.9,29.0,21.0,77.4,3.9,32.0,2.9,5.5,26455
2019-03-22,,3.3,8.3,-0.7,35.0,19.0,40.9,11.1,91.0,2.8,5.0,32363
2019-03-23,1.7,3.3,8.2,-0.4,22.0,14.0,46.9,7.9,64.8,2.4,6.3,21696
2019-03-24,,4.3,9.7,-0.8,28.0,13.0,45.4,11.3,91.9,2.3,4.9,31622
2019-03-25,,7.3,11.5,2.9,41.0,23.0,56.1,1.7,13.8,2.0,5.1,34226
2019-03-26,,11.4,17.6,7.4,52.0,30.0,51.1,9.9,79.8,2.0,4.7,42644
2019-03-27,,11.6,16.2,8.9,78.0,47.0,66.4,3.4,27.4,3.0,6.4,35832
2019-03-28,,9.4,14.6,5.6,78.0,46.0,49.9,9.9,79.8,2.6,4.8,38806
2019-03-29,,9.2,15.1,5.5,35.0,17.0,33.1,10.5,84.0,2.1,4.7,43893
2019-03-30,1.8,5.2,8.4,3.5,33.0,20.0,72.0,3.0,24.0,2.9,6.3,14001
2019-03-31,0.0,4.4,8.4,2.6,39.0,24.0,46.0,3.2,25.4,3.2,5.5,22326
2019-04-01,,5.5,11.3,0.3,23.0,12.0,39.8,11.7,92.9,2.5,5.8,37660
2019-04-02,,6.7,13.0,1.3,30.0,16.0,36.9,11.7,92.9,2.2,6.1,42029
2019-04-03,,7.6,13.6,1.9,34.0,20.0,36.1,11.7,92.1,2.3,5.0,43257
2019-04-04,,9.2,15.7,3.0,32.0,17.0,43.0,11.7,92.1,2.5,5.0,45681
2019-04-05,0.0,11.4,17.2,7.0,65.0,19.0,41.0,9.3,72.7,2.9,5.4,45643
2019-04-06,0.8,9.3,12.2,5.9,51.0,16.0,39.9,0.5,3.9,1.1,2.8,25902
2019-04-07,,12.6,20.3,5.6,31.0,13.0,43.1,11.4,89.1,1.7,4.8,55943
2019-04-08,,11.6,17.2,7.6,32.0,11.0,25.6,10.9,84.5,2.5,5.2,52643
2019-04-09,17.4,9.2,13.9,4.7,23.0,10.0,49.1,0.8,6.2,2.4,4.4,24734
2019-04-10,5.6,7.1,10.2,4.7,6.0,3.0,78.4,1.1,8.5,1.8,3.1,26421
2019-04-11,,9.5,15.7,4.3,21.0,12.0,58.0,9.8,75.4,1.9,4.7,51013
2019-04-12,,11.4,18.4,5.5,45.0,25.0,48.5,11.4,87.7,2.2,5.1,55125
2019-04-13,,11.8,17.9,6.2,44.0,29.0,34.0,10.8,82.4,1.8,5.0,57020
2019-04-14,1.7,9.6,13.6,6.9,32.0,18.0,45.5,5.0,38.2,2.2,7.3,28467
2019-04-15,,11.6,18.1,3.9,45.0,15.0,30.9,12.1,91.7,1.8,4.7,55422
2019-04-16,,14.9,22.6,6.8,41.0,20.0,26.3,11.5,87.1,1.6,4.1,60566
2019-04-17,,15.3,21.8,9.1,34.0,17.0,37.5,12.2,92.4,1.9,4.9,62522
2019-04-18,0.0,12.6,16.2,10.4,31.0,16.0,74.4,1.5,11.3,2.0,5.3,50439
2019-04-19,,13.8,19.7,9.6,35.0,16.0,57.5,5.9,44.4,1.6,3.2,60925
2019-04-20,1.2,14.3,19.1,9.7,38.0,19.0,66.9,5.0,37.6,1.9,4.5,51068
2019-04-21,0.3,14.8,20.2,12.2,25.0,17.0,77.8,4.1,30.6,1.9,4.2,53339
2019-04-22,,19.3,28.2,10.7,72.0,27.0,50.6,11.1,82.8,1.4,4.2,63995
2019-04-23,0.0,20.4,25.5,15.3,79.0,34.0,52.0,4.2,31.3,1.3,3.8,58811
2019-04-24,4.1,19.5,25.9,15.8,50.0,30.0,70.4,8.0,59.3,1.6,4.5,55815
2019-04-25,11.3,13.2,17.2,9.4,37.0,15.0,75.9,0.0,0.0,2.0,3.6,22471
2019-04-26,4.9,8.4,9.9,6.2,8.0,4.0,82.1,0.0,0.0,1.5,3.5,26484
2019-04-27,,11.6,18.2,4.1,16.0,9.0,52.6,10.3,75.7,1.7,3.6,65124
2019-04-28,0.0,12.9,16.6,9.9,18.0,11.0,48.8,3.4,25.0,1.6,3.7,56012
2019-04-29,,13.0,17.3,8.3,20.0,12.0,52.9,3.3,24.1,0.9,2.0,63256
2019-04-30,,15.5,22.5,9.0,31.0,17.0,52.8,11.2,81.8,1.6,4.2,70213
2019-05-01,,16.4,22.2,11.2,49.0,20.0,48.9,10.9,79.6,2.3,4.8,76439
2019-05-02,,17.1,25.3,10.6,49.0,13.0,28.5,12.7,92.0,2.3,5.1,72430
2019-05-03,,17.9,26.1,10.1,52.0,22.0,37.5,12.4,89.9,1.6,4.4,73647
2019-05-04,,19.5,27.4,12.0,78.0,44.0,40.4,10.7,77.5,1.7,4.1,66392
2019-05-05,,19.2,26.5,13.6,57.0,35.0,35.8,11.1,79.9,2.2,5.3,66911
2019-05-06,0.0,14.5,19.8,9.8,29.0,9.0,27.1,12.8,92.1,3.1,5.3,74806
2019-05-07,,15.0,21.9,8.4,42.0,14.0,33.4,12.9,92.8,2.3,5.0,70506
2019-05-08,,15.6,21.3,10.1,44.0,18.0,48.3,12.2,87.1,2.3,5.1,70426
2019-05-09,,16.6,22.9,11.7,43.0,19.0,43.3,12.1,86.4,2.2,4.5,71707
2019-05-10,,17.8,26.8,10.3,52.0,27.0,48.0,12.3,87.9,1.9,4.1,74960
2019-05-11,,20.3,28.3,13.2,55.0,29.0,39.0,12.7,90.1,1.8,3.9,76110
2019-05-12,,21.6,28.9,14.7,47.0,29.0,36.0,12.0,85.1,1.5,3.1,73318
2019-05-13,0.0,18.7,22.8,15.5,48.0,29.0,43.4,1.0,7.1,1.6,4.9,68389
2019-05-14,,19.6,26.9,12.9,36.0,25.0,44.5,13.0,91.5,1.6,4.1,78385
2019-05-15,,20.7,28.0,14.8,56.0,34.0,48.1,8.4,59.2,1.7,3.9,76969
2019-05-16,,23.5,30.0,16.7,55.0,32.0,43.8,12.5,88.0,1.5,4.1,75399
2019-05-17,,23.6,28.3,17.6,45.0,29.0,44.9,4.2,29.6,1.2,3.2,79158
2019-05-18,0.0,22.8,25.9,19.1,24.0,13.0,46.8,4.3,30.1,2.1,4.8,79583
2019-05-19,22.0,19.4,21.6,17.9,14.0,7.0,93.0,0.0,0.0,1.2,2.7,12749
2019-05-20,8.7,16.4,20.2,13.0,37.0,9.0,63.6,10.5,73.4,3.4,6.1,72066
2019-05-21,,17.2,23.8,11.7,45.0,14.0,52.0,13.1,91.6,2.9,5.9,80599
2019-05-22,,19.5,26.5,12.3,50.0,22.0,46.0,12.6,87.5,2.4,5.4,80735
2019-05-23,,22.1,29.2,15.0,60.0,34.0,45.0,13.2,91.7,1.7,3.5,78504
2019-05-24,,24.2,33.4,16.2,67.0,41.0,46.4,12.7,88.2,1.7,4.1,77190
2019-05-25,,23.4,28.6,18.4,68.0,43.0,45.6,7.1,49.3,1.6,4.2,75791
2019-05-26,,24.5,31.1,18.6,33.0,20.0,39.0,11.0,75.9,1.8,4.5,74327
2019-05-27,7.1,17.8,22.3,14.3,21.0,13.0,80.9,0.0,0.0,2.4,5.3,30670
2019-05-28,,18.1,24.6,11.9,22.0,7.0,45.9,13.0,89.7,2.6,4.9,83654
2019-05-29,,20.3,26.5,13.3,39.0,17.0,48.4,13.3,91.7,2.0,4.9,83496
2019-05-30,0.0,19.6,24.5,14.6,43.0,20.0,48.0,7.0,48.3,2.4,5.4,73814
2019-05-31,,19.1,23.3,16.1,18.0,9.0,49.6,12.3,84.2,2.8,5.4,83765
2019-06-01,,18.9,23.7,14.8,29.0,19.0,60.5,9.4,64.4,1.9,4.2,79878
2019-06-02,,21.1,27.8,14.1,31.0,18.0,42.1,13.0,89.0,1.7,4.6,77091
2019-06-03,,23.1,29.5,16.0,34.0,18.0,42.9,12.3,84.2,1.8,5.0,82911
2019-06-04,,22.6,29.0,17.6,26.0,16.0,56.4,12.8,87.7,2.2,4.4,83576
2019-06-05,,23.0,29.6,17.8,40.0,23.0,63.8,8.9,61.0,1.8,4.3,81515
2019-06-06,7.5,21.2,25.1,18.6,48.0,27.0,75.9,0.0,0.0,1.2,4.1,36945
2019-06-07,35.3,20.0,24.7,17.0,11.0,6.0,77.3,3.7,25.2,1.9,3.5,54701
2019-06-08,,21.9,27.6,16.0,20.0,12.0,57.5,9.3,63.3,1.4,4.0,83736
2019-06-09,2.5,21.6,26.5,17.1,28.0,20.0,66.1,4.2,28.6,1.8,4.0,60371
2019-06-10,9.5,18.4,21.9,15.7,10.0,5.0,70.3,0.6,4.1,1.6,2.4,63032
2019-06-11,,20.5,26.1,15.5,11.0,5.0,51.1,10.7,72.8,1.4,3.0,85776
2019-06-12,,21.5,26.4,16.1,25.0,13.0,57.1,13.0,88.4,1.8,4.6,83506
2019-06-13,,23.0,28.8,16.6,24.0,15.0,51.9,12.3,83.7,1.7,4.0,81540
2019-06-14,,23.0,28.4,19.1,25.0,18.0,54.8,6.1,41.2,1.8,4.2,85533
2019-06-15,2.1,21.9,27.4,17.9,29.0,17.0,61.5,12.2,82.4,2.4,5.3,71883
2019-06-16,,22.0,27.2,16.1,12.0,8.0,55.4,11.1,75.0,1.6,4.7,81803
2019-06-17,0.0,21.7,26.2,18.1,20.0,12.0,59.1,12.7,85.8,2.3,4.1,86987
2019-06-18,13.8,20.8,24.8,17.0,25.0,16.0,78.6,2.0,13.5,1.5,4.0,42393
2019-06-19,0.2,21.4,25.4,18.9,27.0,19.0,77.8,0.9,6.1,1.9,4.1,79958
2019-06-20,,22.7,27.8,19.8,24.0,16.0,70.6,6.9,46.6,1.9,4.2,88226
2019-06-21,0.2,22.1,26.1,19.4,24.0,15.0,72.9,3.4,23.0,1.7,3.7,81089
2019-06-22,,24.2,30.6,17.7,11.0,6.0,42.3,13.0,87.8,1.5,2.9,85728
2019-06-23,,25.0,31.0,19.1,11.0,6.0,40.4,12.9,87.2,1.8,4.4,79269
2019-06-24,,25.2,30.9,20.9,20.0,12.0,46.9,13.6,91.9,2.0,4.1,88432
2019-06-25,,25.6,32.8,19.5,29.0,18.0,49.1,13.4,90.5,1.6,4.2,88096
2019-06-26,0.0,25.5,29.5,20.7,31.0,20.0,52.6,1.1,7.4,1.3,3.1,81274
2019-06-27,1.4,25.5,31.2,21.9,18.0,12.0,70.5,3.9,26.4,1.4,3.5,79234
2019-06-28,0.0,24.7,29.0,22.3,40.0,28.0,67.3,2.4,16.2,1.7,3.8,77056
2019-06-29,1.5,23.1,27.7,19.6,22.0,15.0,72.0,4.1,27.7,1.2,3.2,67346
2019-06-30,0.0,23.9,28.5,20.9,31.0,22.0,73.5,5.2,35.4,2.3,4.5,74994
2019-07-01,,23.9,28.9,20.6,31.0,21.0,64.4,10.9,74.1,2.3,5.2,92814
2019-07-02,,24.4,30.1,20.8,28.0,19.0,63.5,11.9,81.0,2.3,4.3,94783
2019-07-03,,24.1,27.4,21.2,29.0,20.0,64.6,3.3,22.4,1.7,3.8,94773
2019-07-04,,25.4,32.8,20.0,28.0,17.0,59.6,12.7,86.4,1.9,4.5,90397
2019-07-05,0.0,27.6,35.0,20.2,32.0,20.0,42.1,11.8,80.3,1.5,4.3,83994
2019-07-06,,29.7,36.1,24.6,29.0,21.0,40.9,11.8,80.3,1.7,3.9,70246
2019-07-07,,26.7,32.5,22.7,19.0,12.0,43.3,9.8,66.7,2.2,3.3,75116
2019-07-08,,25.1,31.0,21.2,10.0,5.0,46.6,9.3,63.7,2.0,3.3,93609
2019-07-09,,25.0,30.0,19.7,10.0,6.0,46.4,7.7,52.7,1.8,3.1,95859
2019-07-10,8.5,22.7,27.3,19.3,10.0,6.0,64.1,3.1,21.2,2.0,3.3,43842
2019-07-11,2.9,21.9,25.9,19.5,8.0,4.0,76.9,0.0,0.0,1.3,2.8,65003
2019-07-12,,23.6,28.7,20.0,14.0,8.0,65.5,7.0,47.9,2.0,4.4,94473
2019-07-13,0.0,24.9,29.7,22.1,30.0,22.0,67.3,4.1,28.1,1.7,3.9,81067
2019-07-14,,25.9,31.6,21.2,38.0,29.0,64.6,7.8,53.8,1.6,3.8,74259
2019-07-15,7.7,23.8,27.4,22.1,33.0,23.0,80.0,0.1,0.7,1.1,3.0,57917
2019-07-16,6.3,24.7,28.8,21.4,25.0,19.0,79.0,4.0,27.6,1.3,3.4,82285
2019-07-17,0.7,25.6,29.2,22.3,57.0,41.0,73.9,1.0,6.9,1.2,2.9,84261
2019-07-18,,26.9,32.1,23.3,64.0,48.0,65.0,3.2,22.1,1.2,3.2,81613
2019-07-19,0.0,28.6,35.0,22.8,34.0,17.0,61.3,9.8,68.1,1.5,4.6,77449
2019-07-20,1.1,28.0,31.9,25.1,9.0,5.0,66.9,1.2,8.3,2.1,3.6,56648
2019-07-21,6.2,25.1,27.0,24.2,15.0,10.0,87.1,0.6,4.2,2.2,4.4,46130
2019-07-22,0.1,26.7,31.0,24.2,43.0,32.0,74.6,6.1,42.4,2.2,3.6,82781
2019-07-23,,28.1,32.9,24.4,26.0,17.0,70.8,4.0,27.8,1.7,3.6,83206
2019-07-24,1.0,26.5,27.2,25.2,24.0,16.0,82.3,0.0,0.0,1.6,3.4,59020
2019-07-25,9.7,26.3,27.4,25.6,25.0,17.0,90.1,0.0,0.0,1.2,3.4,34778
2019-07-26,60.0,25.1,25.9,23.7,18.0,13.0,95.3,0.0,0.0,1.7,4.5,22789
2019-07-27,0.6,28.4,33.4,24.9,20.0,12.0,76.6,4.7,32.9,1.3,3.9,50955
2019-07-28,25.6,26.1,28.2,25.0,15.0,,88.3,0.0,0.0,2.2,4.8,23342
2019-07-29,0.5,27.5,30.0,25.6,14.0,12.0,74.5,2.6,18.3,2.6,5.0,74046
2019-07-30,1.2,28.1,30.8,26.3,19.0,12.0,75.3,1.6,11.3,3.4,5.9,69757
2019-07-31,62.3,25.8,27.5,24.0,17.0,12.0,91.1,0.0,0.0,2.2,5.3,26874
2019-08-01,26.9,26.3,30.1,23.5,14.0,9.0,86.4,4.9,34.8,1.7,4.6,59803
2019-08-02,,28.4,33.1,24.7,19.0,13.0,74.6,8.3,58.9,1.2,3.0,67510
2019-08-03,3.0,29.4,36.0,25.6,21.0,15.0,69.0,10.6,75.7,1.3,4.5,49047
2019-08-04,8.6,28.3,34.4,25.0,27.0,,75.9,8.6,61.4,1.2,3.3,46477
2019-08-05,,30.5,35.9,25.6,37.0,31.0,65.5,11.2,80.0,1.1,3.2,65085
2019-08-06,,31.6,36.8,27.9,27.0,23.0,51.4,9.9,71.2,1.5,2.8,66703
2019-08-07,8.0,26.9,30.3,23.9,20.0,13.0,78.1,1.9,13.7,1.2,2.8,50804
2019-08-08,0.0,28.9,32.7,25.9,40.0,33.0,71.4,7.5,54.0,1.6,3.6,69748
2019-08-09,,29.8,34.6,26.0,27.0,20.0,69.0,10.8,77.7,1.3,4.1,67491
2019-08-10,,31.5,36.5,26.6,20.0,13.0,57.9,11.6,84.1,1.5,3.4,54162
2019-08-11,6.7,30.4,35.7,26.3,17.0,12.0,53.6,9.8,71.0,2.5,4.1,43351
2019-08-12,56.2,26.6,28.5,24.8,19.0,14.0,91.8,0.3,2.2,1.3,2.3,24386
2019-08-13,6.4,29.2,35.3,25.1,22.0,15.0,76.9,7.3,53.3,1.5,4.7,63749
2019-08-14,,30.4,35.7,25.9,17.0,11.0,63.9,9.2,67.2,1.5,3.1,65452
2019-08-15,16.2,25.9,28.6,23.9,9.0,5.0,82.0,0.1,0.7,1.3,2.7,32229
2019-08-16,0.1,25.9,29.5,23.0,16.0,10.0,74.5,7.5,55.1,2.2,5.0,71161
2019-08-17,0.0,25.9,28.8,23.4,31.0,21.0,69.5,8.1,59.6,2.5,4.6,72259
2019-08-18,,25.6,30.7,22.6,21.0,15.0,66.5,10.7,79.3,1.7,3.2,72588
2019-08-19,,26.3,31.3,21.2,23.0,17.0,60.6,11.1,82.2,1.1,2.7,81832
2019-08-20,,28.2,32.8,23.2,28.0,22.0,56.3,10.5,77.8,1.5,3.2,82116
2019-08-21,1.3,27.0,30.4,24.4,29.0,23.0,67.3,3.2,23.9,1.2,3.2,56957
2019-08-22,,26.9,31.4,23.0,39.0,30.0,66.5,10.7,79.9,1.7,4.4,82232
2019-08-23,,26.2,30.5,22.7,31.0,20.0,58.4,12.0,89.6,2.1,4.4,86624
2019-08-24,,24.1,27.3,21.5,22.0,12.0,60.9,3.0,22.6,1.5,3.5,85630
2019-08-25,,25.0,29.9,20.2,20.0,14.0,66.6,9.9,74.4,1.5,4.0,81028
2019-08-26,,26.4,32.1,21.5,25.0,17.0,63.8,9.2,69.7,1.2,4.0,87770
2019-08-27,20.0,25.7,29.3,22.2,25.0,19.0,71.1,5.6,42.4,1.0,2.5,83107
2019-08-28,,26.1,30.2,23.6,29.0,21.0,66.2,,0.0,1.9,4.3,88718
2019-08-29,36.9,23.4,26.4,20.1,26.0,21.0,77.1,4.9,37.4,2.2,7.5,65708
2019-08-30,0.2,22.6,27.0,19.5,20.0,11.0,66.3,8.8,67.2,2.4,5.0,86733
2019-08-31,,23.5,28.9,18.5,19.0,11.0,65.0,12.1,92.4,1.9,4.7,90724
2019-09-01,,23.7,27.8,19.2,19.0,13.0,64.0,6.9,53.1,1.4,2.9,89191
2019-09-02,,24.4,29.7,19.4,25.0,16.0,56.6,7.4,56.9,1.6,3.5,92510
2019-09-03,0.0,24.1,28.0,22.0,23.0,15.0,67.6,2.9,22.5,2.3,3.8,74801
2019-09-04,22.7,22.8,25.5,21.2,6.0,3.0,89.0,1.1,8.5,2.5,4.5,27168
2019-09-05,36.4,23.0,27.6,21.5,9.0,6.0,91.4,1.5,11.6,2.0,5.0,33929
2019-09-06,2.4,25.3,29.1,21.6,13.0,8.0,79.8,0.4,3.1,2.1,3.4,16631
2019-09-08,0.0,24.7,27.3,22.9,,,76.9,1.4,11.0,1.9,4.8,52055
2019-09-09,0.0,25.1,28.0,22.4,35.0,26.0,74.3,2.0,15.7,1.7,3.6,68370
2019-09-10,63.2,23.8,26.5,22.1,13.0,9.0,93.4,1.0,7.9,2.4,4.0,18265
2019-09-11,7.6,24.3,28.7,20.4,6.0,4.0,71.4,6.9,54.8,3.1,4.7,75328
2019-09-12,3.9,21.0,22.9,18.7,15.0,5.0,72.3,0.0,0.0,2.6,4.8,32059
2019-09-13,0.1,23.3,29.3,18.3,16.0,6.0,60.4,10.9,87.2,1.7,3.5,57065
2019-09-14,0.3,22.4,24.1,20.8,20.0,11.0,80.0,0.2,1.6,1.2,2.9,48756
2019-09-15,,24.2,30.0,19.5,16.0,10.0,70.4,10.6,84.8,1.7,4.1,82678
2019-09-16,,24.5,30.5,20.7,14.0,7.0,53.0,9.4,75.8,2.1,4.5,89807
2019-09-17,,23.5,29.0,18.0,16.0,9.0,41.6,10.6,85.5,2.1,4.4,92153
2019-09-18,,21.0,25.4,16.0,29.0,13.0,46.0,11.7,94.4,3.1,4.9,92045
2019-09-19,,19.5,26.0,13.6,27.0,11.0,46.5,10.2,82.9,1.9,4.3,91554
2019-09-20,,19.6,24.2,15.8,23.0,10.0,52.8,1.3,10.6,2.1,3.5,94246
2019-09-21,,19.6,22.1,18.3,17.0,9.0,60.3,0.0,0.0,2.0,3.7,86676
2019-09-22,0.4,18.6,19.6,17.3,5.0,4.0,63.4,0.0,0.0,3.8,6.4,41173
2019-09-23,,20.0,24.6,16.9,12.0,6.0,51.1,9.0,73.8,2.2,5.0,92006
2019-09-24,,19.8,26.5,13.9,22.0,13.0,61.3,11.4,94.2,1.8,3.5,93546
2019-09-25,,20.9,27.4,14.8,27.0,17.0,64.4,8.8,72.7,1.4,3.0,92665
2019-09-26,,22.9,29.0,17.7,26.0,17.0,59.3,8.1,67.5,1.9,3.3,92247
2019-09-27,,22.9,27.0,19.6,21.0,13.0,57.5,3.5,29.2,1.9,3.1,93345
2019-09-28,,23.7,29.2,19.4,28.0,20.0,58.9,10.1,84.2,1.7,3.3,89550
2019-09-29,,22.6,28.6,17.9,35.0,27.0,60.6,11.1,93.3,1.7,4.0,86133
2019-09-30,,22.4,29.9,16.4,45.0,33.0,61.0,10.5,88.2,1.6,3.4,88270
2019-10-01,,23.1,28.2,17.6,45.0,34.0,67.1,7.5,63.6,1.8,4.4,88575
2019-10-02,23.1,21.6,24.2,20.0,24.0,18.0,88.0,0.0,0.0,3.0,5.5,27368
2019-10-03,4.6,22.4,27.3,19.8,8.0,4.0,73.4,6.0,50.8,2.8,4.9,75438
2019-10-04,,22.4,27.8,18.0,23.0,16.0,71.5,9.9,84.6,2.1,3.9,94912
2019-10-05,0.6,18.7,21.9,14.7,40.0,25.0,72.6,2.3,19.7,2.9,4.6,83020
2019-10-06,,18.1,22.7,13.2,11.0,5.0,53.4,9.4,81.0,2.9,4.8,82855
2019-10-07,25.4,14.8,17.9,13.3,11.0,7.0,92.0,0.0,0.0,1.8,3.6,21875
2019-10-08,,14.7,19.8,10.6,21.0,11.0,58.8,10.3,88.8,2.6,6.2,81524
2019-10-09,,13.6,20.4,7.7,22.0,10.0,48.3,10.6,92.2,1.7,3.8,85638
2019-10-10,,15.2,19.8,10.7,28.0,16.0,60.9,1.1,9.6,1.3,2.8,81742
2019-10-11,,18.8,26.1,13.0,33.0,21.0,60.0,10.3,90.4,1.9,4.9,92155
2019-10-12,,17.9,23.3,13.3,23.0,12.0,49.3,10.5,92.1,3.5,6.7,84843
2019-10-13,,17.2,23.8,12.1,18.0,9.0,52.6,10.6,93.0,1.9,4.1,84368
2019-10-14,,14.4,19.6,9.5,30.0,18.0,56.9,10.1,89.4,2.5,5.1,79509
2019-10-15,,14.5,20.4,8.8,17.0,9.0,55.6,7.7,68.1,1.6,4.3,85516
2019-10-16,,14.6,20.8,9.0,24.0,15.0,58.3,9.8,87.5,1.6,3.6,84549
2019-10-17,,15.4,21.6,11.2,28.0,18.0,56.0,7.4,66.1,1.7,3.5,85596
2019-10-18,,17.0,22.7,12.0,17.0,11.0,58.3,8.0,71.4,2.4,4.3,89551
2019-10-19,,17.0,23.1,12.1,20.0,11.0,63.8,10.2,91.9,1.8,3.7,87553
2019-10-20,,16.5,22.9,12.0,33.0,21.0,70.3,9.3,83.8,1.3,3.0,79300
2019-10-21,,17.1,24.6,10.9,39.0,26.0,61.0,9.6,86.5,1.0,2.4,84488
2019-10-22,,18.1,24.4,13.3,39.0,26.0,56.1,9.1,82.7,1.6,3.3,88478
2019-10-23,,17.0,20.7,14.3,22.0,15.0,57.3,0.7,6.4,2.4,4.4,87991
2019-10-24,,18.3,23.8,15.3,28.0,18.0,47.6,6.6,60.6,2.7,5.1,89520
2019-10-25,0.0,16.7,22.0,13.1,23.0,11.0,58.0,7.1,65.1,2.4,5.6,84617
2019-10-26,,10.0,14.9,6.6,22.0,14.0,60.0,8.7,79.8,2.5,5.2,67578
2019-10-27,,11.0,17.4,4.7,23.0,14.0,59.0,9.8,90.7,1.6,4.2,65774
2019-10-28,1.7,12.9,17.7,7.4,30.0,20.0,65.9,7.3,67.6,2.5,4.7,67175
2019-10-29,0.1,12.5,17.6,8.2,65.0,15.0,61.0,9.0,83.3,2.3,5.2,71135
2019-10-30,,11.2,17.7,5.0,25.0,12.0,60.3,9.6,89.7,1.6,3.8,76898
2019-10-31,,14.8,19.7,8.4,66.0,23.0,73.8,8.0,74.8,2.3,5.2,76860
2019-11-01,,14.9,20.5,11.4,100.0,36.0,57.9,9.5,88.8,1.8,3.9,77604
2019-11-02,,13.6,18.7,8.3,66.0,35.0,57.3,3.3,31.1,1.5,2.9,68223
2019-11-03,,14.7,22.1,9.4,53.0,33.0,57.8,7.8,73.6,2.1,4.7,67452
2019-11-04,,13.8,20.3,9.2,14.0,7.0,57.8,9.7,91.5,2.1,3.7,78874
2019-11-05,,12.4,18.4,8.4,32.0,20.0,65.1,8.0,76.2,1.6,3.8,78675
2019-11-06,,11.0,16.5,6.3,48.0,32.0,63.6,7.5,71.4,1.8,4.4,74812
2019-11-07,,9.2,13.6,5.0,44.0,24.0,42.8,9.5,91.3,2.7,5.3,68315
2019-11-08,,6.8,13.0,1.1,44.0,18.0,31.4,9.7,93.3,1.9,4.4,65110
2019-11-09,,9.5,17.2,3.5,41.0,22.0,41.4,9.7,93.3,1.6,4.2,60693
2019-11-10,11.8,10.0,15.3,6.2,39.0,26.0,59.6,3.3,32.0,2.1,3.8,40503
2019-11-11,1.1,11.2,15.1,7.9,23.0,14.0,71.6,7.2,69.9,2.4,4.8,58957
2019-11-12,,9.3,14.5,4.8,38.0,23.0,63.6,5.7,55.3,1.4,2.7,68210
2019-11-13,7.5,7.2,11.3,3.0,34.0,20.0,72.3,0.0,0.0,2.8,6.0,39198
2019-11-14,,1.3,5.0,-2.5,19.0,6.0,30.6,9.7,95.1,2.9,5.8,45095
2019-11-15,18.8,5.6,7.6,1.4,22.0,13.0,87.4,0.1,1.0,2.0,3.5,15069
2019-11-16,,6.8,12.7,3.8,31.0,21.0,81.3,5.6,54.9,1.6,3.0,45493
2019-11-17,21.1,8.3,10.5,5.6,26.0,16.0,79.4,0.0,0.0,3.1,6.4,11303
2019-11-18,14.7,4.6,12.7,0.4,71.0,12.0,59.8,8.0,79.2,3.9,7.0,37496
2019-11-19,0.0,0.2,4.0,-3.5,28.0,9.0,48.0,9.4,93.1,2.8,5.8,40356
2019-11-20,,0.5,6.3,-4.6,20.0,11.0,35.5,9.4,93.1,1.8,4.6,42026
2019-11-21,,4.2,9.0,-2.3,34.0,19.0,37.4,5.7,57.0,1.9,4.2,47091
2019-11-22,,9.7,17.3,3.0,40.0,21.0,34.1,9.0,90.0,2.1,4.8,56700
2019-11-23,,12.1,17.7,7.7,33.0,19.0,52.0,8.0,80.0,1.8,3.6,54283
2019-11-24,3.8,9.8,15.6,4.6,32.0,20.0,74.6,1.8,18.2,2.2,6.0,24304
2019-11-25,,1.9,6.0,-1.2,24.0,15.0,62.1,5.8,58.6,2.7,5.9,42677
2019-11-26,,6.6,13.7,1.2,25.0,17.0,64.0,7.9,79.8,2.0,4.5,52464
2019-11-27,,3.1,6.8,0.3,33.0,21.0,50.8,8.3,83.8,2.7,4.6,46248
2019-11-28,,3.5,10.4,-0.6,33.0,20.0,52.4,9.0,91.8,2.0,4.3,46983
2019-11-29,,1.5,6.9,-3.4,43.0,30.0,42.8,9.3,94.9,2.0,4.0,44689
2019-11-30,,4.1,9.3,-1.4,44.0,34.0,42.6,5.3,54.1,1.7,3.4,38366
2019-12-01,3.3,4.6,6.2,2.3,38.0,30.0,79.4,0.0,0.0,1.6,4.1, 9680 
2019-12-02,,-0.1,2.8,-3.2,21.0,15.0,48.0,8.8,89.8,3.1,6.2, 34397 
2019-12-03,0.6,0.5,4.2,-5.0,26.0,17.0,61.3,3.1,31.6,1.6,3.6, 33580 
2019-12-04,0.0,2.0,7.2,-2.0,27.0,18.0,41.6,8.7,89.7,1.8,4.4, 38576 
2019-12-05,,-4.4,-0.2,-8.5,19.0,13.0,31.9,9.2,94.8,3.2,6.0, 29277 
2019-12-06,,-5.9,-1.0,-10.6,29.0,20.0,34.5,9.3,95.9,1.7,3.8, 26723 
2019-12-07,0.1,-2.4,1.2,-5.5,45.0,36.0,65.0,1.1,11.3,1.7,3.1, 23013 
2019-12-08,,-0.9,4.9,-5.5,55.0,48.0,65.1,8.9,91.8,1.4,3.2, 22597 
2019-12-09,0.0,3.2,8.0,-1.3,62.0,54.0,56.8,1.4,14.4,2.5,3.9, 34140 
2019-12-10,1.7,8.1,10.8,6.0,97.0,80.0,82.3,2.0,20.6,1.2,3.5, 33275 
2019-12-11,0.2,6.3,9.8,0.1,79.0,60.0,62.0,5.2,54.2,3.4,7.2, 34049 
2019-12-12,,-0.7,3.4,-3.5,21.0,18.0,45.4,9.1,94.8,1.8,4.2, 33704 
2019-12-13,1.0,2.1,5.9,-3.7,28.0,20.0,53.6,3.4,35.4,2.0,4.3, 34258 
2019-12-14,0.0,2.7,6.4,-0.1,38.0,29.0,58.3,8.3,86.5,2.3,5.3, 27424 
2019-12-15,,5.3,11.0,0.4,34.0,28.0,52.5,7.3,76.0,2.0,3.6, 29692 
2019-12-16,,7.8,12.9,2.1,35.0,25.0,58.9,6.6,68.8,1.9,3.2, 41750 
2019-12-17,9.8,7.7,10.2,3.2,27.0,21.0,81.4,0.0,0.0,2.3,4.5, 25644 
2019-12-18,,0.8,5.2,-1.7,40.0,30.0,64.6,8.4,87.5,2.5,4.2, 34899 
2019-12-19,0.0,-0.8,3.1,-4.5,29.0,20.0,47.8,8.5,88.5,2.4,4.8, 32972 
2019-12-20,0.0,-1.1,2.0,-3.5,30.0,22.0,45.3,8.9,92.7,2.3,3.9, 32521 
2019-12-21,0.6,-1.2,1.5,-5.1,37.0,26.0,68.1,1.9,19.8,1.7,2.9, 20302 
2019-12-22,0.3,4.1,8.4,0.3,60.0,45.0,63.4,5.2,54.2,1.7,3.5, 24430 
2019-12-23,2.9,3.4,5.2,0.3,53.0,42.0,80.4,2.4,25.0,2.0,4.2, 29028 
2019-12-24,,0.8,6.5,-2.9,77.0,59.0,67.9,8.0,83.3,1.4,3.1, 33334 
2019-12-25,,2.0,6.6,-2.7,55.0,42.0,60.8,3.3,34.4,1.0,3.2, 22428 
2019-12-26,0.3,2.0,4.1,-2.4,50.0,35.0,59.0,1.3,13.5,2.4,5.2, 25007 
2019-12-27,,-1.7,2.6,-4.6,36.0,27.0,45.4,9.0,93.8,2.1,4.3, 29243 
2019-12-28,,1.1,6.1,-3.6,44.0,30.0,47.6,5.8,60.4,2.0,3.7, 26046 
2019-12-29,1.4,3.8,6.2,1.1,46.0,31.0,52.5,0.0,0.0,2.9,4.4, 18701 
2019-12-30,0.4,2.7,6.8,-5.7,40.0,29.0,70.3,0.0,0.0,2.9,7.4, 22952 
2019-12-31,0.0,-7.9,-4.5,-10.9,27.0,19.0,39.3,9.1,94.8,3.1,7.5, 18436 
2020-01-01,0.1,-2.2,0.3,-6.5,34.0,24.0,64.4,0.8,8.3,0.6,2.6, 16236 
2020-01-02,,1.0,3.8,-0.7,59.0,45.0,65.4,0.0,0.0,1.2,4.0, 28890 
2020-01-03,,-0.1,4.6,-3.4,66.0,48.0,56.9,8.8,90.7,1.7,3.5, 30809 
2020-01-04,,1.2,6.1,-2.8,56.0,41.0,50.8,7.9,81.4,1.9,4.5, 25709 
2020-01-05,,1.3,6.6,-3.2,53.0,39.0,45.6,7.1,73.2,1.1,2.9, 23206 
2020-01-06,1.8,3.1,4.6,0.6,41.0,31.0,65.4,0.0,0.0,3.1,5.4, 15381 
2020-01-07,46.3,6.3,7.7,4.2,10.0,8.0,95.0,0.0,0.0,4.0,6.3, 1920 
2020-01-08,11.6,2.4,8.9,-0.4,26.0,21.0,86.1,0.0,0.0,3.3,6.3, 21522 
2020-01-09,,-1.2,2.0,-3.1,53.0,45.0,65.3,8.7,89.7,2.3,4.3, 28711 
2020-01-10,,-0.6,4.2,-4.3,70.0,59.0,62.9,7.5,76.5,1.5,3.7, 29395 
2020-01-11,,-0.1,3.9,-2.6,54.0,44.0,60.9,8.1,82.7,1.9,4.8, 23246 
2020-01-12,,-1.0,2.8,-3.5,50.0,39.0,61.5,8.6,87.8,2.4,4.1, 19842 
2020-01-13,,-2.9,0.2,-4.7,27.0,20.0,51.0,8.1,82.7,2.3,4.9, 26786 
2020-01-14,,-2.3,2.6,-5.7,30.0,23.0,45.3,8.5,86.7,1.6,3.3, 28435 
2020-01-15,,-2.7,2.2,-6.4,37.0,27.0,44.8,9.2,92.9,1.9,4.5, 28391 
2020-01-16,,-1.7,3.2,-5.5,44.0,32.0,43.0,8.3,83.8,1.6,4.4, 29026 
2020-01-17,,-0.6,4.9,-4.8,58.0,40.0,43.9,7.6,76.8,1.5,3.8, 29626 
2020-01-18,,0.3,5.9,-4.1,64.0,44.0,48.1,9.1,91.9,1.8,4.2, 24635 
2020-01-19,0.6,1.9,5.3,-0.4,61.0,46.0,62.8,4.8,48.5,2.2,6.1, 17682 
2020-01-20,,0.7,5.5,-3.3,56.0,34.0,46.8,8.7,87.0,2.5,5.7, 28611 
2020-01-21,,-0.4,5.5,-5.6,42.0,27.0,36.9,9.2,92.0,1.4,3.5, 30618 
2020-01-22,,3.0,7.8,-0.1,43.0,30.0,36.0,3.7,37.0,1.7,3.2, 33011 
2020-01-23,,4.6,9.9,0.0,62.0,44.0,49.3,8.8,88.0,2.0,4.7, 34466 
2020-01-24,,2.8,7.4,-1.3,72.0,52.0,63.0,8.8,87.1,1.7,3.7, 19230 
2020-01-25,,4.3,8.8,0.6,50.0,38.0,63.1,3.6,35.6,1.5,3.9, 15233 
2020-01-26,,5.5,11.9,-0.2,28.0,20.0,56.3,7.3,72.3,2.7,6.1, 22685 
2020-01-27,0.1,5.9,7.5,4.8,11.0,6.0,48.1,0.0,0.0,4.6,7.0, 16836 
2020-01-28,0.0,6.8,9.9,4.3,13.0,7.0,49.4,0.0,0.0,2.6,5.4, 32098 
2020-01-29,,6.0,9.6,3.2,17.0,9.0,46.4,3.1,30.4,2.1,3.6, 37990 
2020-01-30,,5.2,10.4,1.4,18.0,12.0,47.0,5.5,53.4,1.8,3.0, 38079 
2020-01-31,0.0,3.9,8.9,1.4,25.0,17.0,59.6,6.1,59.2,2.3,4.4, 35857 
2020-02-01,,2.6,7.6,-1.2,68.0,53.0,66.6,5.3,51.5,1.7,4.7, 27151 
2020-02-02,,1.5,5.3,-2.1,74.0,58.0,52.3,4.8,46.6,1.8,4.7, 22384 
2020-02-03,0.0,-0.4,3.0,-2.9,26.0,18.0,43.6,9.6,92.3,3.1,5.7, 29681 
2020-02-04,1.7,-1.6,3.9,-6.0,25.0,18.0,50.3,6.4,61.5,2.8,6.2, 23006 
2020-02-05,,-8.3,-4.9,-11.0,23.0,13.0,37.3,9.7,92.4,3.3,5.5, 20311 
2020-02-06,,-6.4,0.4,-11.8,37.0,22.0,36.4,9.7,92.4,1.9,4.0, 22401 
2020-02-07,0.0,-1.7,2.2,-7.2,35.0,25.0,45.1,6.1,58.1,2.0,3.5, 26540 
2020-02-08,0.0,-0.1,3.7,-2.3,42.0,33.0,48.1,9.6,90.6,3.0,5.3, 22046 
2020-02-09,0.0,-0.5,4.1,-5.6,37.0,26.0,51.1,9.6,90.6,2.0,4.4, 21099 
2020-02-10,0.0,4.0,9.6,-0.7,50.0,35.0,49.4,9.7,91.5,1.7,4.2, 33956 
2020-02-11,,6.8,14.6,-0.5,55.0,36.0,37.0,7.6,71.0,1.6,3.6, 40563 
2020-02-12,6.7,7.4,8.2,6.5,49.0,34.0,73.4,0.0,0.0,2.2,5.0, 10698 
2020-02-13,,6.5,8.7,4.9,76.0,54.0,84.8,1.3,12.1,1.7,3.2, 34375 
2020-02-14,,8.1,14.7,3.2,86.0,62.0,70.3,8.7,80.6,1.2,3.0, 41229 
2020-02-15,2.0,9.8,15.6,6.2,65.0,49.0,63.0,5.0,46.3,2.7,5.0, 29837 
2020-02-16,13.4,-1.4,7.7,-4.3,28.0,19.0,81.1,1.6,14.8,4.0,6.6, 6798 
2020-02-17,1.0,-5.9,-3.9,-7.1,41.0,20.0,64.3,3.2,29.4,3.4,5.6, 13777 
2020-02-18,,-4.1,1.3,-8.3,24.0,17.0,44.0,10.1,92.7,2.3,4.1, 19773 
2020-02-19,,1.0,6.4,-4.4,33.0,24.0,56.8,7.4,67.3,1.5,3.2, 32721 
2020-02-20,,4.6,10.8,-0.6,60.0,45.0,62.6,9.4,85.5,1.7,3.3, 36027 
2020-02-21,4.2,6.7,10.9,2.1,79.0,62.0,66.3,1.1,10.0,2.2,5.3, 29779 
2020-02-22,3.1,4.0,7.9,0.0,,,62.0,5.9,53.2,4.0,8.2, 18290 
2020-02-23,,2.5,8.0,-2.5,,,48.6,10.2,91.9,2.0,4.2, 25159 
2020-02-24,,7.0,12.2,0.8,35.0,20.0,51.8,7.7,69.4,1.6,3.4, 36094 
2020-02-25,16.6,6.7,9.4,4.7,23.0,14.0,73.5,0.6,5.4,4.2,6.8, 15939 
2020-02-26,0.0,6.4,10.4,2.8,18.0,11.0,59.6,4.8,42.9,2.1,4.0, 35773 
2020-02-27,,6.1,12.5,1.3,13.0,8.0,54.0,10.4,92.0,2.0,4.4, 38526 
2020-02-28,3.9,4.5,5.9,3.6,25.0,18.0,79.4,0.0,0.0,1.4,4.2, 12644 
2020-02-29,0.5,7.7,13.0,4.5,24.0,17.0,68.6,9.5,84.1,1.7,4.2, 35697 
2020-03-01,0.2,5.8,10.1,3.2,45.0,32.0,71.8,0.2,1.8,2.0,4.7, 24431 
2020-03-02,0.0,3.4,7.6,0.0,39.0,30.0,55.3,10.0,87.7,2.7,4.9, 36641 
2020-03-03,,4.8,10.5,0.3,46.0,35.0,57.0,4.1,35.7,2.6,4.7, 39447 
2020-03-04,0.0,2.2,4.6,-1.3,47.0,37.0,53.4,6.6,57.4,3.7,6.8, 31269 
2020-03-05,,1.4,6.3,-2.8,37.0,30.0,47.5,10.9,94.8,2.5,4.1, 35851 
2020-03-06,,3.7,10.1,-2.5,39.0,27.0,46.8,10.6,91.4,1.6,3.6, 40897 
2020-03-07,,7.0,14.2,1.3,53.0,40.0,39.5,5.9,50.9,2.0,4.1, 42379 
2020-03-08,,9.3,16.9,2.3,52.0,40.0,43.8,10.7,91.5,1.6,4.6, 54245 
2020-03-09,,11.1,17.6,4.8,53.0,39.0,37.6,7.1,60.7,1.8,4.5, 53020 
2020-03-10,11.8,6.4,10.8,3.2,41.0,32.0,78.4,0.0,0.0,2.8,5.3, 10606 
2020-03-11,,3.8,8.3,0.0,32.0,15.0,41.8,11.2,94.9,3.3,5.5, 45245 
2020-03-12,,6.8,13.3,0.2,33.0,14.0,49.8,8.1,68.6,2.5,5.4, 50094 
2020-03-13,0.5,4.9,8.7,-0.1,30.0,13.0,41.0,9.7,81.5,3.3,5.4, 43554 
2020-03-14,,3.6,8.6,-2.7,35.0,19.0,48.1,10.0,84.0,3.0,6.8, 42569 
2020-03-15,,4.0,8.5,0.2,40.0,19.0,48.3,8.5,71.4,3.6,7.8, 33215 
2020-03-16,,3.6,9.1,-2.1,23.0,14.0,42.4,11.3,94.2,2.8,5.2, 42441 
2020-03-17,,6.6,12.3,3.1,46.0,22.0,65.8,4.2,35.0,2.1,5.2, 47241 
2020-03-18,,10.0,17.0,2.7,64.0,38.0,45.8,11.1,91.7,1.8,4.4, 62119 
2020-03-19,0.0,9.1,12.1,5.8,56.0,26.0,49.0,7.7,63.6,4.8,8.2, 24256 
2020-03-20,,8.8,14.0,3.1,38.0,10.0,39.6,11.0,90.9,3.1,6.6, 53839 
2020-03-21,,12.8,19.5,7.9,53.0,17.0,56.5,6.1,50.0,2.0,5.1, 63759 
2020-03-22,,11.0,16.5,6.1,41.0,17.0,37.5,11.6,95.1,3.0,5.6, 64436 
2020-03-23,,10.6,17.0,5.4,46.0,28.0,37.9,11.5,93.5,1.9,4.8, 63686 
2020-03-24,,11.4,17.9,5.3,55.0,35.0,35.0,11.5,93.5,1.8,4.0, 69998 
2020-03-25,,12.5,19.2,6.1,47.0,31.0,33.6,9.2,74.2,1.9,5.3, 73460 
2020-03-26,1.8,14.8,20.6,8.1,51.0,32.0,53.8,4.3,34.7,1.9,5.3, 47633 
2020-03-27,2.0,11.9,15.8,6.7,41.0,21.0,56.4,7.4,59.7,3.3,5.8, 60183 
2020-03-28,,7.7,12.8,4.5,29.0,8.0,17.9,9.1,72.8,3.2,5.5, 64677 
2020-03-29,,8.7,16.1,1.3,38.0,17.0,30.6,11.6,92.8,2.0,4.6, 68430 
2020-03-30,,10.2,16.9,4.3,51.0,28.0,38.4,11.7,93.6,1.8,4.1, 69293 
2020-03-31,,11.9,18.6,4.7,47.0,27.0,34.5,10.0,79.4,2.0,4.4, 74621 
2020-04-01,,11.3,17.4,6.0,64.0,30.0,35.6,8.6,68.3,3.7,7.3, 70258 
2020-04-02,,9.3,15.5,3.4,40.0,27.0,41.4,10.6,83.5,2.3,5.5, 72129 
2020-04-03,,10.0,16.3,5.3,55.0,32.0,53.8,10.7,84.3,2.7,5.7, 74856 
2020-04-04,,8.9,13.3,5.0,67.0,29.0,36.4,10.4,81.3,3.4,6.3, 66405 
2020-04-05,,7.2,13.7,1.9,43.0,23.0,29.5,12.1,94.5,2.8,5.4, 64111 
2020-04-06,,9.3,16.1,2.9,54.0,24.0,38.3,11.4,89.1,2.4,5.9, 68414 
2020-04-07,,10.6,16.8,6.0,55.0,26.0,56.6,9.0,69.8,2.5,5.1, 73685 
2020-04-08,,9.4,14.2,5.2,40.0,20.0,25.5,12.3,95.3,3.5,5.9, 72863 
2020-04-09,,8.9,14.7,4.3,44.0,25.0,44.6,11.8,91.5,2.8,5.7, 73382 
2020-04-10,,10.7,16.8,5.8,40.0,25.0,52.6,9.2,70.8,2.4,4.1, 75021 
2020-04-11,,9.9,16.0,6.2,38.0,23.0,63.8,8.8,67.7,2.5,4.9, 75637 
2020-04-12,,9.9,15.6,4.4,31.0,21.0,58.6,8.3,63.4,3.8,7.4, 63335 
2020-04-13,,12.4,20.4,4.3,20.0,12.0,39.4,12.2,93.1,3.1,5.5, 77604 
2020-04-14,,13.0,19.6,7.6,49.0,29.0,46.8,12.1,92.4,2.4,5.3, 83798 
2020-04-15,,13.2,20.2,7.2,60.0,38.0,39.8,10.0,75.8,2.2,5.6, 89789 
2020-04-16,,16.0,23.8,8.9,50.0,30.0,39.9,10.6,80.3,2.3,4.5, 83970 
2020-04-17,6.5,12.5,15.4,10.4,40.0,21.0,77.8,0.3,2.3,2.4,4.8, 35656 
2020-04-18,,13.5,19.6,8.5,26.0,13.0,67.9,10.4,78.2,2.6,4.8, 92829 
2020-04-19,10.3,12.3,15.5,9.5,25.0,16.0,75.8,0.3,2.3,2.7,5.2, 29375 
2020-04-20,0.1,10.0,13.1,7.6,14.0,9.0,73.0,1.3,9.7,3.3,6.8, 56129 
2020-04-21,,7.4,10.4,4.8,32.0,11.0,49.0,10.1,75.4,4.4,8.9, 58746 
2020-04-22,0.0,6.0,8.3,4.1,77.0,11.0,46.8,5.3,39.6,4.0,6.4, 51337 
2020-04-23,,7.9,12.8,2.9,41.0,13.0,47.8,11.8,87.4,3.7,7.9, 64765 
2020-04-24,,9.9,14.3,4.1,37.0,13.0,55.6,12.0,88.9,3.9,8.2, 72883 
2020-04-25,,13.1,17.1,9.9,55.0,22.0,54.4,8.5,62.5,3.9,7.8, 78419 
2020-04-26,,12.3,19.0,6.8,28.0,14.0,43.1,12.5,91.9,3.2,6.5, 82600 
2020-04-27,,12.9,18.3,8.7,31.0,17.0,49.8,9.7,71.3,2.8,5.5, 77149 
2020-04-28,,13.9,19.9,7.8,34.0,19.0,50.0,12.6,92.0,3.0,5.5, 86541 
2020-04-29,,14.9,21.0,9.3,44.0,25.0,48.6,12.2,89.1,2.6,5.2, 88827 
2020-04-30,,17.1,23.4,9.3,35.0,18.0,57.1,8.2,59.9,2.7,5.9, 96877 
2020-05-01,,20.2,26.2,16.4,52.0,31.0,73.6,6.1,44.2,2.7,5.5, 93249 
2020-05-02,0.0,20.3,23.9,18.0,48.0,28.0,79.6,0.2,1.4,2.3,4.6, 88508 
2020-05-03,0.0,21.8,27.4,17.0,28.0,17.0,68.8,5.9,42.8,2.0,3.9, 89287 
2020-05-04,,20.2,25.3,14.8,32.0,17.0,63.9,10.1,72.7,2.7,4.6, 93579 
2020-05-05,,16.0,19.3,13.1,33.0,17.0,67.9,3.3,23.7,1.9,5.3, 88219 
2020-05-06,,19.4,27.6,11.1,30.0,15.0,50.0,12.8,92.1,2.1,4.4, 88561 
2020-05-07,,20.7,26.5,14.9,24.0,12.0,32.5,8.7,62.1,2.5,4.3, 90645 
2020-05-08,2.3,19.9,27.3,14.3,25.0,12.0,32.8,7.5,53.6,2.4,4.5, 63474 
2020-05-09,24.4,14.2,16.8,12.7,14.0,7.0,94.4,0.0,0.0,3.6,5.9, 7600 
2020-05-10,1.3,14.4,16.6,12.8,27.0,18.0,88.6,0.4,2.8,2.5,4.1, 65932 
2020-05-11,3.4,16.5,22.0,12.4,97.0,24.0,61.0,7.2,51.1,3.0,5.6, 76042 
2020-05-12,0.7,14.3,18.9,10.5,39.0,12.0,69.4,5.0,35.5,2.9,5.4, 78200 
2020-05-13,,16.1,21.8,10.2,33.0,13.0,47.3,13.0,92.2,2.8,6.5, 89183 
2020-05-14,,19.3,25.4,12.4,37.0,14.0,35.4,6.6,46.5,2.0,4.3, 89149 
2020-05-15,12.0,16.1,20.2,14.1,38.0,12.0,81.4,0.0,0.0,3.0,5.3, 13782 
2020-05-16,2.5,16.7,20.3,15.0,25.0,13.0,90.3,0.6,4.2,1.6,3.3, 64549 
2020-05-17,0.0,19.1,24.9,14.6,40.0,26.0,80.1,3.9,27.3,1.7,4.3, 89449 
2020-05-18,29.8,19.1,26.8,13.2,41.0,25.0,79.4,3.2,22.4,2.4,7.2, 36761 
2020-05-19,19.0,13.0,17.1,10.1,18.0,8.0,73.6,3.0,21.0,3.2,7.2, 55556 
2020-05-20,0.0,14.4,20.1,9.2,8.0,4.0,60.4,4.5,31.5,1.9,3.0, 88257 
2020-05-21,,17.4,22.9,10.9,20.0,11.0,56.1,9.4,65.3,2.1,3.3, 93930 
2020-05-22,0.0,18.5,22.7,14.8,42.0,28.0,68.5,0.7,4.9,1.9,4.9, 89317 
2020-05-23,0.0,20.1,25.0,16.6,44.0,30.0,66.1,6.8,47.2,2.2,4.7, 101256 
2020-05-24,14.5,17.1,20.2,14.3,25.0,17.0,84.8,1.1,7.6,2.9,6.5, 80357 
2020-05-25,,16.6,21.3,13.7,34.0,23.0,81.0,2.5,17.2,2.1,3.8, 92531 
2020-05-26,1.5,16.2,22.9,12.7,39.0,24.0,81.9,4.8,33.1,2.1,5.4, 68498 
2020-05-27,,17.4,23.9,11.8,22.0,14.0,68.5,13.2,91.0,2.6,5.9, 101949 
2020-05-28,0.0,18.7,23.4,14.2,30.0,20.0,62.8,8.4,57.9,1.9,3.9, 99792 
2020-05-29,,20.7,27.6,14.6,33.0,21.0,65.6,12.7,87.6,2.0,4.1, 103999 
2020-05-30,,22.6,30.0,16.5,37.0,25.0,57.3,11.3,77.4,1.9,4.3, 105172 
2020-05-31,1.0,21.2,28.0,17.6,40.0,29.0,63.0,5.0,34.2,2.3,5.7, 93547 
2020-06-01,0.4,19.7,24.5,16.6,18.0,10.0,64.3,11.5,78.8,3.4,6.2, 99930 
2020-06-02,2.0,17.9,21.8,14.8,23.0,13.0,71.0,0.2,1.4,2.2,4.1, 79833 
2020-06-03,,22.0,28.4,17.6,46.0,24.0,73.3,9.5,65.1,2.4,5.6, 103887 
2020-06-04,0.2,21.9,26.5,19.7,52.0,25.0,81.1,4.7,32.2,2.7,4.7, 97656 
2020-06-05,,23.0,28.7,18.4,43.0,23.0,69.4,8.8,59.9,1.8,3.8, 107343 
2020-06-06,,24.6,30.9,19.2,49.0,30.0,63.6,8.6,58.5,2.0,4.4, 105033 
2020-06-07,,22.7,29.2,19.2,48.0,28.0,69.4,9.2,62.6,2.3,5.1, 101848 
2020-06-08,,25.0,32.0,19.8,42.0,25.0,63.6,11.3,76.9,2.1,5.5, 103582 
2020-06-09,,26.7,32.8,20.3,52.0,25.0,51.6,12.9,87.8,2.3,4.3, 102084 
2020-06-10,6.2,25.8,32.1,22.5,48.0,26.0,63.8,5.2,35.4,2.0,6.2, 58133 
2020-06-11,0.0,26.1,31.6,21.7,31.0,19.0,68.3,8.0,54.4,2.2,4.6, 100031 
2020-06-12,,24.7,27.6,21.6,47.0,22.0,68.6,0.5,3.4,1.7,3.0, 109210 
2020-06-13,0.0,26.9,33.5,20.6,57.0,28.0,52.8,9.7,66.0,1.9,5.0, 90396 
2020-06-14,1.1,24.0,28.8,20.1,38.0,22.0,70.6,8.1,54.7,2.9,5.9, 94406 
2020-06-15,,23.0,28.6,18.2,26.0,15.0,62.3,10.1,68.2,2.8,6.3, 108320 
2020-06-16,,24.4,30.7,20.0,53.0,37.0,63.0,7.5,50.7,2.2,4.4, 106519 
2020-06-17,,24.3,30.3,20.2,51.0,33.0,58.6,5.9,39.9,2.0,4.3, 107723 
2020-06-18,,23.4,27.3,20.3,35.0,21.0,61.4,0.1,0.7,1.6,3.4, 110377 
2020-06-19,0.1,24.7,30.0,21.1,24.0,15.0,61.4,6.0,40.5,2.1,4.2, 109124 
2020-06-20,,24.9,29.7,20.7,38.0,24.0,62.6,11.7,79.1,2.1,4.6, 102333 
2020-06-21,,26.1,32.7,19.5,33.0,22.0,59.5,13.5,91.2,2.0,4.5, 95453 
2020-06-22,,28.6,35.4,21.7,40.0,24.0,50.5,13.3,89.9,2.0,4.1, 98394 
2020-06-23,0.0,27.3,31.0,23.2,40.0,24.0,53.5,5.1,34.5,1.9,3.7, 103214 
2020-06-24,37.6,22.3,26.3,19.9,34.0,21.0,83.5,0.0,0.0,2.7,5.7, 19756 
2020-06-25,13.3,21.6,23.4,20.1,13.0,8.0,91.0,0.1,0.7,2.2,4.3, 46415 
2020-06-26,2.1,21.8,25.7,19.2,23.0,14.0,82.1,3.1,20.9,3.2,5.3, 96150 
2020-06-27,0.0,24.1,29.6,20.4,25.0,17.0,70.4,7.4,50.0,2.0,5.4, 107001 
2020-06-28,,25.2,30.1,21.5,30.0,19.0,70.5,12.4,83.8,2.4,4.7, 98568 
2020-06-29,11.9,23.8,26.5,20.6,35.0,24.0,77.0,1.7,11.6,2.4,5.9, 70053 
2020-06-30,64.7,20.1,23.1,18.4,9.0,5.0,83.0,0.0,0.0,4.0,7.6, 38086 
2020-07-01,0.0,21.1,24.3,18.1,19.0,11.0,79.3,0.2,1.4,1.9,3.7, 105196 
2020-07-02,,24.2,29.8,20.4,51.0,34.0,74.5,5.4,36.7,1.9,3.4, 107842 
2020-07-03,0.1,25.5,30.6,21.6,52.0,32.0,63.5,9.6,65.3,2.6,6.1, 102753 
2020-07-04,1.6,24.2,29.5,20.4,24.0,15.0,63.9,9.5,64.6,2.1,4.4, 98488 
2020-07-05,,23.8,27.6,19.9,29.0,22.0,68.6,6.4,43.5,1.9,3.5, 104664 
2020-07-06,,25.6,30.9,21.8,24.0,18.0,66.6,5.0,34.0,2.1,4.7, 106825 
2020-07-07,0.0,24.1,28.1,22.1,17.0,11.0,75.5,4.0,27.4,2.5,4.0, 91407 
2020-07-08,,25.5,30.4,21.3,32.0,20.0,71.9,10.0,68.5,2.0,3.7, 105876 
2020-07-09,,27.5,32.9,21.8,42.0,29.0,64.6,7.7,52.7,1.7,3.6, 102828 
2020-07-10,2.2,24.5,27.7,22.7,16.0,11.0,75.0,3.1,21.2,2.8,6.6, 90880 
2020-07-11,,25.8,30.2,22.2,8.0,4.0,62.6,6.6,45.2,2.6,5.0, 103657 
2020-07-12,2.9,23.5,26.0,21.7,13.0,9.0,71.9,0.0,0.0,2.4,3.6, 57367 
2020-07-13,47.6,18.7,21.7,17.7,9.0,6.0,94.8,0.0,0.0,4.0,5.9, 4859 
2020-07-14,11.5,20.3,24.3,17.2,7.0,3.0,79.4,0.1,0.7,2.8,4.4, 85486 
2020-07-15,,23.4,28.7,18.9,13.0,6.0,63.1,9.3,64.1,2.0,3.4, 106949 
2020-07-16,,25.0,29.7,20.4,29.0,18.0,70.9,10.2,70.3,1.8,3.5, 102741 
2020-07-17,0.0,26.0,31.6,21.5,38.0,25.0,72.0,7.5,51.7,1.9,5.6, 99949 
2020-07-18,,26.1,31.0,22.8,43.0,30.0,71.6,4.3,29.7,1.6,4.0, 98309 
2020-07-19,29.1,24.0,26.6,20.6,21.0,15.0,81.6,0.0,0.0,2.7,4.3, 60804 
2020-07-20,3.6,23.8,26.6,22.4,18.0,11.0,86.3,0.0,0.0,3.7,7.0, 72291 
2020-07-21,0.0,25.0,30.5,21.4,29.0,21.0,77.0,4.0,27.8,1.6,4.2, 100825 
2020-07-22,11.5,23.7,25.7,22.6,24.0,16.0,89.3,0.0,0.0,1.6,3.4, 46448 
2020-07-23,103.1,21.1,22.6,18.5,20.0,12.0,95.5,0.0,0.0,3.6,8.3, 10739 
2020-07-24,2.9,22.5,26.8,18.7,6.0,3.0,74.3,1.0,7.0,4.6,8.7, 76995 
2020-07-25,0.0,24.3,29.0,22.3,5.0,2.0,69.3,1.9,13.3,3.1,6.1, 102498 
2020-07-26,0.0,25.4,29.6,21.6,8.0,5.0,69.3,5.6,39.2,2.0,3.3, 94802 
2020-07-27,2.2,24.3,25.5,22.9,12.0,8.0,86.4,0.0,0.0,2.2,3.2, 52922 
2020-07-28,0.4,24.4,26.4,22.7,13.0,7.0,84.8,0.0,0.0,2.0,3.1, 68214 
2020-07-29,50.1,23.7,24.9,22.6,12.0,6.0,95.8,0.0,0.0,2.0,3.4, 31724 
2020-07-30,0.1,25.3,28.4,23.4,21.0,14.0,85.5,3.0,21.3,2.1,3.8, 92468 
2020-07-31,1.5,26.2,29.6,22.8,24.0,17.0,81.9,5.0,35.5,2.0,4.6, 95705 
2020-08-01,39.1,25.3,26.9,24.3,15.0,9.0,90.9,0.0,0.0,1.7,4.9, 34998 
2020-08-02,31.4,24.9,26.4,23.5,13.0,6.0,96.3,0.0,0.0,2.3,7.5, 11491 
2020-08-03,102.6,25.0,26.3,23.9,16.0,11.0,96.3,0.0,0.0,3.0,8.3, 17575 
2020-08-04,3.9,27.0,29.4,25.0,40.0,26.0,89.3,0.4,2.9,3.5,5.7, 49378 
2020-08-05,18.5,26.5,29.1,25.5,37.0,23.0,92.1,0.1,0.7,1.9,4.6, 28751 
2020-08-06,75.7,24.1,26.0,22.9,16.0,9.0,92.8,0.2,1.4,3.3,6.5, 51456 
2020-08-07,0.0,24.3,26.1,22.6,29.0,19.0,85.3,0.0,0.0,1.8,3.3, 78071 
2020-08-08,19.1,24.2,26.1,22.7,15.0,9.0,89.5,1.8,12.9,2.3,3.7, 40020 
2020-08-09,50.3,24.9,25.8,23.7,9.0,5.0,95.4,0.0,0.0,2.6,6.8, 12384 
2020-08-10,44.6,26.5,29.5,24.7,13.0,7.0,91.6,0.2,1.4,2.0,4.3, 23519 
2020-08-11,97.0,24.6,27.3,22.4,10.0,7.0,92.5,0.5,3.6,2.2,4.7, 50974 
2020-08-12,,27.2,31.3,23.5,22.0,14.0,83.9,2.1,15.3,1.9,4.3, 78261 
2020-08-13,,28.0,30.3,26.3,26.0,13.0,82.4,0.2,1.5,2.5,4.9, 79353 
2020-08-14,0.4,27.1,28.0,26.5,32.0,19.0,86.1,0.0,0.0,3.5,5.7, 72875 
2020-08-15,69.0,26.1,27.0,25.0,41.0,28.0,96.0,0.0,0.0,1.9,5.6, 26267 
2020-08-16,,27.4,30.8,25.3,22.0,15.0,82.6,2.4,17.6,3.0,5.2, 66011 
2020-08-17,,28.2,32.2,26.1,26.0,18.0,77.9,5.8,43.0,2.3,4.1, 73368 
2020-08-18,,27.5,31.9,24.0,34.0,24.0,76.3,7.9,58.5,1.6,3.6, 82202 
2020-08-19,,27.1,31.4,23.6,43.0,31.0,76.8,9.4,69.6,2.0,4.4, 84665 
2020-08-20,,27.7,31.7,25.0,39.0,28.0,76.0,3.1,23.1,1.7,4.2, 85420 
2020-08-21,2.5,26.6,29.2,25.2,29.0,22.0,83.1,0.8,6.0,1.6,3.5, 78701 
2020-08-22,42.6,24.3,27.6,21.7,17.0,11.0,87.4,0.6,4.5,2.1,5.5, 40126 
2020-08-23,,25.3,29.9,21.5,13.0,8.0,78.4,6.8,51.1,1.9,3.9, 80594 
2020-08-24,,27.8,32.0,23.7,25.0,17.0,71.6,8.8,66.2,2.2,4.9, 90297 
2020-08-25,,29.9,34.5,26.0,32.0,25.0,69.5,7.6,57.6,2.1,4.6, 87894 
2020-08-26,0.6,30.2,34.5,27.0,28.0,18.0,68.3,7.5,56.8,3.4,6.5, 40169 
2020-08-27,8.7,27.1,28.6,25.6,21.0,12.0,84.6,0.5,3.8,3.6,7.0, 32745 
2020-08-28,13.6,27.3,29.7,26.0,23.0,16.0,89.1,2.0,15.3,1.6,4.4, 62045 
2020-08-29,13.6,26.8,29.0,25.5,17.0,11.0,90.1,1.7,13.0,1.3,4.0, 33797 
2020-08-30,42.5,26.8,30.6,24.4,14.0,11.0,88.8,2.4,18.3,2.1,4.8, 52904 
2020-08-31,0.0,26.4,30.0,23.8,13.0,4.0,77.9,1.9,14.6,2.8,4.3, 87662 
2020-09-01,0.0,26.6,29.5,23.8,20.0,8.0,72.4,1.0,7.7,1.9,3.6, 87892 
2020-09-02,33.3,24.3,26.4,22.6,16.0,9.0,91.3,0.0,0.0,2.3,4.0, 13744 
2020-09-03,29.8,22.7,25.6,20.0,15.0,6.0,82.0,2.8,21.7,4.8,9.8, 71524 
2020-09-04,,23.3,27.5,19.9,24.0,11.0,63.9,10.1,78.3,2.7,5.6, 115059 
2020-09-05,,23.3,27.3,19.2,30.0,20.0,66.6,3.3,25.8,2.0,3.5, 113253 
2020-09-06,6.4,21.7,24.4,19.5,26.0,16.0,80.0,0.0,0.0,2.7,4.8, 54125 
2020-09-07,61.0,19.2,20.6,17.5,8.0,4.0,93.5,0.0,0.0,4.2,7.9, 3144 
2020-09-08,0.0,23.4,26.5,20.6,24.0,12.0,71.5,9.5,74.8,4.2,7.0, 104606 
2020-09-09,1.3,21.1,25.3,19.0,30.0,20.0,83.4,3.1,24.4,2.1,7.6, 75412 
2020-09-10,3.9,22.8,27.0,18.8,26.0,17.0,75.8,9.0,71.4,2.0,4.2, 107150 
2020-09-11,1.2,22.4,27.1,19.2,28.0,18.0,72.6,4.5,35.7,2.8,4.9, 61474 
2020-09-12,5.7,20.2,23.2,18.1,12.0,7.0,83.8,0.0,0.0,2.0,3.9, 44703 
2020-09-13,,21.5,26.6,16.7,9.0,4.0,70.4,9.8,78.4,1.9,3.5, 118921 
2020-09-14,0.0,21.3,24.9,17.6,21.0,14.0,79.3,5.7,45.6,1.8,4.3, 106465 
2020-09-15,,23.0,27.7,18.9,35.0,23.0,76.4,5.1,41.1,1.6,3.3, 111912 
2020-09-16,0.3,22.5,24.9,21.3,26.0,17.0,79.9,0.3,2.4,1.9,3.4, 88745 
2020-09-17,,21.3,23.6,20.1,22.0,10.0,70.3,0.7,5.6,2.1,3.7, 110088 
2020-09-18,,21.5,25.8,18.1,22.0,8.0,62.0,9.8,79.7,2.8,6.0, 118363 
2020-09-19,0.3,21.2,26.2,17.6,21.0,9.0,59.3,9.7,78.9,2.2,5.3, 117633 
2020-09-20,,19.7,24.9,15.6,18.0,10.0,57.6,11.4,93.4,2.0,4.9, 110798 
2020-09-21,,19.1,25.3,13.6,23.0,14.0,56.1,9.6,78.7,1.7,2.9, 108369 
2020-09-22,,20.2,25.6,15.5,19.0,10.0,55.3,10.7,87.7,2.8,4.6, 112619 
2020-09-23,,19.2,23.8,15.2,14.0,4.0,59.9,7.2,59.5,3.3,5.3, 111343 
2020-09-24,,20.6,25.4,16.8,14.0,4.0,59.6,8.0,66.1,3.7,5.7, 111994 
2020-09-25,,20.1,25.4,16.6,16.0,6.0,64.1,3.5,28.9,2.5,4.9, 114720 
2020-09-26,,19.3,24.8,14.8,17.0,6.0,62.5,8.0,66.7,2.4,6.2, 115111 
2020-09-27,,20.4,25.8,14.9,15.0,7.0,63.3,9.8,81.7,2.0,3.9, 109610 
2020-09-28,,20.7,26.5,15.7,25.0,14.0,66.0,10.5,88.2,2.0,3.6, 107714 
2020-09-29,,19.6,23.9,15.3,28.0,17.0,67.6,6.3,52.9,1.9,4.3, 113823 
2020-09-30,38.3,19.6,25.7,16.2,30.0,19.0,78.0,4.9,41.5,1.7,4.1, 71676 
2020-10-01,,18.8,23.6,15.6,15.0,10.0,74.9,2.5,21.2,2.1,4.7, 82099 
2020-10-02,0.0,19.2,21.9,16.3,23.0,15.0,79.6,1.9,16.1,2.3,5.2, 75275 
2020-10-03,0.0,19.9,23.2,18.3,32.0,20.0,72.5,1.8,15.4,1.6,3.6, 97726 
2020-10-04,0.0,16.6,21.8,10.6,23.0,13.0,65.1,4.3,36.8,2.8,7.2, 86091 
2020-10-05,,13.3,18.4,8.5,21.0,9.0,57.3,10.5,90.5,2.5,5.1, 93156 
2020-10-06,,14.2,19.7,9.3,20.0,10.0,55.9,10.8,93.1,2.0,4.1, 100369 
2020-10-07,,16.0,22.0,9.9,25.0,12.0,48.9,8.9,76.7,1.9,3.4, 103348 
2020-10-08,,17.2,23.1,12.1,18.0,9.0,53.0,10.8,93.9,3.1,5.4, 105509 
2020-10-09,,17.2,23.3,12.4,18.0,9.0,53.4,10.6,92.2,3.0,5.2, 104087 
2020-10-10,,16.9,21.5,12.3,21.0,10.0,60.1,7.6,66.7,2.0,3.8, 104678 
2020-10-11,,16.9,20.8,12.7,22.0,13.0,68.5,4.9,43.0,1.8,4.1, 95405 
2020-10-12,,16.2,21.3,12.1,40.0,21.0,68.6,7.5,65.8,2.2,4.6, 97721 
2020-10-13,,13.6,18.4,8.6,28.0,12.0,52.3,7.1,62.8,2.2,4.7, 97160 
2020-10-14,,12.8,18.0,8.5,39.0,15.0,47.0,5.8,51.3,2.4,5.8, 92998 
2020-10-15,,11.7,18.5,6.5,35.0,12.0,41.8,7.2,63.7,1.5,3.7, 92555 
2020-10-16,,11.8,15.4,8.6,41.0,22.0,64.3,0.0,0.0,1.5,2.5, 92609 
2020-10-17,,13.1,18.6,8.7,35.0,20.0,64.3,10.1,90.2,1.8,4.3, 94840 
2020-10-18,,13.6,20.2,7.2,29.0,16.0,65.5,9.7,87.4,2.0,3.9, 89401 
2020-10-19,,15.1,21.3,9.8,60.0,32.0,74.4,9.8,88.3,1.7,3.4, 95110 
2020-10-20,,15.2,21.7,9.9,67.0,39.0,67.1,10.0,90.1,1.6,3.1, 98577 
2020-10-21,,14.1,17.3,11.8,44.0,25.0,69.4,0.1,0.9,1.9,3.8, 96566 
2020-10-22,0.0,13.5,18.2,8.4,82.0,36.0,66.0,5.4,49.1,2.8,5.7, 92100 
2020-10-23,,8.6,13.3,5.4,29.0,11.0,51.5,9.9,90.8,3.0,5.5, 84672 
2020-10-24,,8.7,14.0,3.2,28.0,12.0,47.6,9.9,90.8,2.5,5.9, 77452 
2020-10-25,,11.8,18.2,5.4,28.0,15.0,62.5,8.8,80.7,1.7,3.8, 80497 
2020-10-26,,12.9,19.0,8.0,53.0,28.0,71.6,9.2,85.2,1.6,4.4, 92374 
2020-10-27,,14.0,19.4,9.0,79.0,46.0,74.1,8.3,76.9,1.8,3.4, 95411 
2020-10-28,,13.8,18.2,8.6,46.0,22.0,52.1,9.2,85.2,2.5,4.8, 95033 
2020-10-29,,10.8,16.1,5.5,39.0,15.0,40.3,9.0,84.1,2.0,4.5, 92267 
2020-10-30,,11.9,19.6,5.8,47.0,21.0,42.9,9.7,90.7,1.5,3.2, 97088 
2020-10-31,,13.6,18.2,8.5,29.0,15.0,60.3,5.8,54.2,2.6,5.0, 89444 
2020-11-01,13.6,13.7,15.0,11.6,41.0,23.0,84.3,0.0,0.0,2.3,4.5, 32925 
2020-11-02,1.7,10.8,15.6,7.9,50.0,17.0,58.3,9.6,90.6,2.3,4.9, 86705 
2020-11-03,0.5,5.1,8.6,2.7,24.0,9.0,47.5,9.2,86.8,3.5,8.4, 69439 
2020-11-04,,4.9,10.8,0.2,34.0,13.0,43.9,9.6,91.4,2.3,4.2, 74159 
2020-11-05,,9.6,15.9,3.4,41.0,17.0,61.5,8.4,80.0,1.8,3.0, 85090 
2020-11-06,,13.5,17.2,9.9,47.0,25.0,63.3,0.3,2.9,1.7,3.3, 91815 
2020-11-07,0.1,14.6,18.1,12.2,89.0,38.0,68.8,7.0,67.3,2.7,4.9, 84151 
2020-11-08,,8.5,12.4,3.1,67.0,16.0,43.8,9.5,91.3,3.1,6.2, 62244 
2020-11-09,,5.5,8.9,0.7,28.0,9.0,40.9,6.0,58.3,1.8,4.0, 73482 
2020-11-10,,7.7,12.9,3.5,28.0,11.0,56.1,9.6,93.2,2.2,5.0, 81965 
2020-11-11,,9.3,16.5,3.5,43.0,22.0,53.5,9.6,93.2,1.6,2.6, 86595 
2020-11-12,,10.4,17.7,4.6,66.0,40.0,56.9,9.4,91.3,1.7,3.4, 88193 
2020-11-13,,12.2,17.6,8.5,73.0,44.0,71.5,5.5,53.9,1.6,3.0, 90754 
2020-11-14,,12.5,19.3,6.8,67.0,42.0,66.9,8.0,78.4,1.7,4.0, 81553 
2020-11-15,,11.1,14.9,8.2,72.0,48.0,75.0,6.8,66.7,1.7,3.7, 69098 
2020-11-16,,12.4,18.3,7.5,70.0,44.0,70.1,8.4,83.2,1.6,4.1, 87583 
2020-11-17,0.1,15.9,20.0,11.7,62.0,40.0,67.5,1.3,12.9,2.3,4.5, 81258 
2020-11-18,12.2,16.6,18.7,14.8,45.0,29.0,91.4,0.0,0.0,2.6,3.6, 44452 
2020-11-19,86.9,13.6,19.1,6.9,19.0,11.0,90.5,0.0,0.0,4.2,7.3, 34590 
2020-11-20,0.0,2.8,7.0,0.3,23.0,14.0,74.3,0.0,0.0,3.2,5.6, 60332 
2020-11-21,0.2,6.5,12.8,-0.3,28.0,20.0,67.9,6.6,66.0,2.1,4.8, 60290 
2020-11-22,4.8,5.6,9.1,1.5,28.0,20.0,80.5,0.4,4.0,2.5,5.7, 34828 
2020-11-23,,1.7,5.9,-1.5,27.0,17.0,61.4,9.2,92.0,2.3,4.9, 58766 
2020-11-24,,2.9,6.4,0.2,28.0,17.0,54.5,1.3,13.1,1.8,3.8, 61865 
2020-11-25,,4.6,9.5,0.0,38.0,24.0,64.1,4.6,46.5,1.5,3.0, 64921 
2020-11-26,,5.6,10.9,1.9,58.0,38.0,66.5,6.6,66.7,1.7,3.6, 64297 
2020-11-27,0.0,4.1,7.7,0.6,45.0,30.0,61.6,5.0,50.5,2.7,5.3, 58092 
2020-11-28,,-0.1,2.8,-2.3,24.0,14.0,50.0,9.0,91.8,2.8,5.3, 38492 
2020-11-29,,-0.6,2.6,-3.6,26.0,16.0,59.6,1.5,15.3,2.2,4.5, 32211 
2020-11-30,,-0.2,4.3,-3.6,28.0,18.0,57.8,9.1,92.9,1.9,4.6, 49925 
2020-12-01,,1.1,6.7,-3.6,32.0,21.0,44.5,7.3,74.5,1.9,4.0, 53885 
2020-12-02,,2.4,6.1,0.5,34.0,20.0,41.4,3.4,34.7,1.8,3.9, 55611 
2020-12-03,,0.7,4.2,-2.3,26.0,17.0,47.1,9.1,93.8,2.7,4.9, 51533 
2020-12-04,,-0.6,4.4,-4.6,30.0,19.0,53.8,9.0,92.8,1.8,4.3, 50915 
2020-12-05,,2.1,6.6,-2.2,36.0,23.0,63.1,5.1,52.6,1.7,3.9, 42953 
2020-12-06,,4.5,9.1,1.2,45.0,33.0,66.9,6.0,61.9,1.8,4.3, 40616 
2020-12-07,,3.4,6.3,-0.7,56.0,41.0,57.5,7.4,76.3,2.6,5.6, 49809 
2020-12-08,,-0.5,4.1,-3.5,23.0,14.0,50.0,8.7,89.7,2.0,3.9, 47614 
2020-12-09,,1.5,6.2,-4.1,39.0,25.0,55.1,5.9,60.8,1.5,3.0, 50476 
2020-12-10,0.0,5.8,9.3,3.2,63.0,44.0,69.9,1.1,11.5,1.7,3.5, 53421 
2020-12-11,,5.3,9.4,2.6,109.0,75.0,77.1,2.4,25.0,1.8,4.5, 53536 
2020-12-12,,2.3,6.1,-0.3,56.0,35.0,51.3,8.6,89.6,2.1,4.8, 42146 
2020-12-13,2.9,-1.1,2.0,-6.0,36.0,25.0,74.9,1.1,11.5,2.9,6.1, 14362 
2020-12-14,,-7.7,-5.0,-9.7,23.0,12.0,49.1,8.9,92.7,3.4,5.3, 28030 
2020-12-15,,-8.3,-4.6,-11.1,19.0,11.0,43.0,9.0,93.8,2.8,5.2, 28028 
2020-12-16,,-8.3,-3.9,-11.2,22.0,13.0,43.9,9.0,93.8,2.6,4.6, 27678 
2020-12-17,0.0,-4.9,0.8,-11.1,30.0,20.0,47.0,9.0,93.8,1.7,3.7, 32315 
2020-12-18,0.2,-2.1,1.8,-6.4,36.0,24.0,57.0,5.5,57.3,3.0,5.4, 30195 
2020-12-19,,-5.1,-1.2,-9.6,27.0,14.0,45.1,9.0,93.8,2.4,5.1, 24130 
2020-12-20,,-3.7,1.1,-8.2,27.0,16.0,50.4,9.1,94.8,2.0,4.4, 23442 
2020-12-21,,-1.0,4.7,-6.0,42.0,29.0,64.1,8.8,91.7,1.6,3.7, 37286 
2020-12-22,,2.0,7.2,-2.5,56.0,39.0,67.6,5.2,54.2,2.0,4.7, 42486 
2020-12-23,0.0,4.5,8.5,-0.4,72.0,51.0,76.6,1.7,17.7,2.3,5.1, 42218 
2020-12-24,,2.6,6.1,-2.0,67.0,39.0,61.5,7.9,82.3,2.9,6.5, 41102 
2020-12-25,,-0.8,3.5,-4.7,30.0,16.0,51.9,9.0,93.8,2.1,4.7, 28600 
2020-12-26,,2.2,8.0,-2.1,58.0,31.0,65.8,8.2,85.4,1.8,3.9, 37137 
2020-12-27,0.0,5.8,10.0,1.4,70.0,42.0,62.9,5.9,61.5,1.8,2.8, 37103 
2020-12-28,1.3,6.7,11.4,4.2,66.0,44.0,72.1,8.0,83.3,1.4,3.1, 46912 
2020-12-29,0.2,0.1,4.3,-6.2,69.0,46.0,70.8,0.0,0.0,2.9,6.1, 35747 
2020-12-30,,-10.9,-6.2,-12.9,39.0,15.0,55.5,8.3,86.5,4.1,6.2, 22488 
2020-12-31,0.0,-8.9,-5.0,-12.9,28.0,12.0,53.9,6.0,62.5,2.4,4.2, 24535 
